,ticker,timestamp,headline,summary
0,SNOW,2022-02-08T16:03:52Z,Snowflake Whale Trades Spotted,"A whale with a lot of money to spend has taken a noticeably bullish stance on Snowflake.
Looking at options history for Snowflake (NYSE:SNOW) we detected 11 strange trades."
1,SNOW,2022-02-07T17:19:32Z,Here Are Two IT Stocks That Morgan Stanley Upgraded Today,"
"
2,SNOW,2022-02-07T16:09:55Z,Where Snowflake Stands With Analysts,"Over the past 3 months, 11 analysts have published their opinion on Snowflake (NYSE:SNOW) stock. These analysts are typically employed by large Wall Street banks and tasked with understanding a company&#39;s business to predict how a stock will trade over the upcoming year."
3,SNOW,2022-02-07T15:05:19Z,"Benzinga's Top Ratings Upgrades, Downgrades For February 7, 2022","Upgrades
"
4,SNOW,2022-02-07T14:40:15Z,Why Snowflake Shares Are Trading Higher Today,Snowflake Inc (NYSE: SNOW) is trading higher Monday morning following bullish analyst coverage from Morgan Stanley.
5,SNOW,2022-02-07T11:08:57Z,"Morgan Stanley Upgrades Snowflake to Overweight, Raises Price Target to $390",
6,SNOW,2022-01-31T15:39:14Z,Looking At Snowflake's Recent Whale Trades,"Someone with a lot of money to spend has taken a bullish stance on Snowflake (NYSE:SNOW).
And retail traders should know.
We noticed this today when the big position showed up on publicly available options history that we track here at Benzinga."
7,SNOW,2022-01-26T22:24:14Z,Looking Into Snowflake Inc. Class A Common Stock's Recent Short Interest,"Snowflake Inc. Class A Common Stock&#39;s (NYSE:SNOW) short percent of float has fallen 22.94% since last its last report. The company recently reported that it has 4.91 million shares sold short, which is 1.78% of all regular shares that are available for trading."
8,SNOW,2022-01-26T14:55:58Z,"Shares of companies in the software space were trading higher, rebounding from recent weakness amid a rise in yields and concerns over fed tapering, which has caused volatility in the sector. Stronger-than-expected Q4 earnings results from Microsoft have also helped lift the sector.",
9,SNOW,2022-01-25T22:20:17Z,12 Information Technology Stocks Moving In Tuesday's After-Market Session,"Gainers

Datasea (NASDAQ:DTSS) shares moved upwards by 6.0% to $1.23 during Tuesday&#39;s after-market session. The company&#39;s market cap stands at $29.5 million. 
"
10,SNOW,2022-01-25T16:03:02Z,Check Out What Whales Are Doing With SNOW,"A whale with a lot of money to spend has taken a noticeably bearish stance on Snowflake.
Looking at options history for Snowflake (NYSE:SNOW) we detected 24 strange trades."
11,SNOW,2022-01-25T15:03:14Z,"Benzinga's Top Ratings Upgrades, Downgrades For January 25, 2022","Upgrades
"
12,SNOW,2022-01-25T14:04:25Z,Snowflake Announces Support For ITAR Compliance On Microsoft Azure Government And AWS GovCloud,
13,SNOW,2022-01-25T12:46:21Z,"Loop Capital Upgrades Snowflake to Buy, Announces $370 Price Target",
14,SNOW,2022-01-24T18:16:12Z,10 Information Technology Stocks With Whale Alerts In Today's Session,"This whale alert can help traders discover the next big trading opportunities.
Whales are entities with large sums of money and we track their transactions here at Benzinga on our options activity scanner."
15,SNOW,2022-01-20T19:40:53Z,Check Out What Whales Are Doing With SNOW,"A whale with a lot of money to spend has taken a noticeably bullish stance on Snowflake.
Looking at options history for Snowflake (NYSE:SNOW) we detected 23 strange trades."
16,SNOW,2022-01-19T15:13:57Z,"Shares of software companies were trading higher following a drop in the 10-year Treasury yield, which has helped lift growth stock valuations. The strength is also in sympathy with the broader market as stocks rebound following strong earnings reports from several companies, which has lifted sentiment.",
17,SNOW,2022-01-18T15:06:20Z,"Benzinga's Top Ratings Upgrades, Downgrades For January 18, 2022","Upgrades
"
18,SNOW,2022-01-18T12:18:05Z,William Blair Upgrades Snowflake to Outperform,
19,SNOW,2022-01-12T22:30:37Z,What 10 Analyst Ratings Have To Say About Snowflake,"Over the past 3 months, 10 analysts have published their opinion on Snowflake (NYSE:SNOW) stock. These analysts are typically employed by large Wall Street banks and tasked with understanding a company&#39;s business to predict how a stock will trade over the upcoming year."
20,SNOW,2022-01-12T18:09:59Z,Looking At Snowflake's Recent Whale Trades,"A whale with a lot of money to spend has taken a noticeably bullish stance on Snowflake.
Looking at options history for Snowflake (NYSE:SNOW) we detected 14 strange trades."
21,SNOW,2022-01-12T17:23:21Z,Why Snowflake Shares Are Heating Up Today,"Snowflake Inc (NYSE: SNOW) is trading higher Wednesday following positive analyst coverage from Barclays.

Barclays analyst Raimo Lenschow upgraded Snowflake from an Equal-Weight rating to an Overweight rating."
22,SNOW,2022-01-12T15:03:16Z,"Benzinga's Top Ratings Upgrades, Downgrades For January 12, 2022", 
23,SNOW,2022-01-12T09:46:21Z,Barclays Upgrades Snowflake to Overweight,
24,SNOW,2022-01-07T12:19:58Z,Why Jim Cramer Likes Vertiv  And Scotts Miracle-Gro,"On CNBC’s &#34;Mad Money Lightning Round,&#34; Jim Cramer said he likes  Vertiv Holdings Co  (NYSE: VRT): &#34;I like the fact that Dave Cote is still the chairman. You’ve got a winner there.&#34;"
25,SNOW,2022-01-06T15:17:14Z,Check Out What Whales Are Doing With SNOW,"Someone with a lot of money to spend has taken a bullish stance on Snowflake (NYSE:SNOW).
And retail traders should know.
We noticed this today when the big position showed up on publicly available options history that we track here at Benzinga."
26,SNOW,2022-01-03T21:36:45Z,Check Out What Whales Are Doing With SNOW,"A whale with a lot of money to spend has taken a noticeably bullish stance on Snowflake.
Looking at options history for Snowflake (NYSE:SNOW) we detected 19 strange trades."
27,SNOW,2021-12-30T15:39:44Z,Snowflake Whale Trades For December 30,"Someone with a lot of money to spend has taken a bullish stance on Snowflake (NYSE:SNOW).
And retail traders should know.
We noticed this today when the big position showed up on publicly available options history that we track here at Benzinga."
28,SNOW,2021-12-29T17:39:07Z,"Devon Energy, Snowflake Mentioned On CNBC Unusual Options Activity",
29,SNOW,2021-12-29T16:14:11Z,"7 Potential IPOs In 2022: Discord, OpenSea, Impossible Foods And More","The IPO market saw record listings and capital raised in 2021. Several well-known big name companies joined the public markets in 2021, while other private companies delayed their listings or chose to raise private capital instead."
30,SNOW,2021-12-28T17:28:36Z,Snowflake Option Alert: Jan 21 $350 Calls Sweep (17) near the Ask: 27 @ $13.901 vs 7150 OI; Ref=$345.74,
31,SNOW,2021-12-17T21:20:32Z,How 2020's Hottest IPOs Have Performed In 2021,"Global IPO markets have been running hot in 2021, setting new records in terms of volume and proceeds.

One of the best predictors of future performance is past performance. Investors interested in how recent IPOs might fare in 2022 may consider reviewing how the hottest IPOs of 2020 performed in 2021. "
32,SNOW,2021-12-16T19:09:30Z,Why Snowflake Shares Are Falling,"Snowflake Inc (NYSE: SNOW) shares are trading lower, despite a lack of company-specific news from the session. Several software names are trading lower in sympathy with Adobe Inc (NASDAQ: ADBE)."
33,SNOW,2021-12-13T14:58:18Z,What Are Whales Doing With Snowflake,"Someone with a lot of money to spend has taken a bullish stance on Snowflake (NYSE:SNOW).
And retail traders should know.
We noticed this today when the big position showed up on publicly available options history that we track here at Benzinga."
34,SNOW,2021-12-13T14:45:51Z,Watching Snowflake Shares; Hearing Trader Scott Redler Names Stock As New Long,
35,SNOW,2021-12-10T21:27:11Z,What Are Whales Doing With Snowflake,"Someone with a lot of money to spend has taken a bullish stance on Snowflake (NYSE:SNOW).

And retail traders should know.

We noticed this today when the big position showed up on publicly available options history that we track here at Benzinga."
36,SNOW,2021-12-06T12:16:57Z,"Credit Suisse Maintains Outperform on Snowflake, Raises Price Target to $465",
37,SNOW,2021-12-03T14:38:56Z,"Rosenblatt Maintains Neutral on Snowflake, Raises Price Target to $380",
38,SNOW,2021-12-03T13:41:09Z,"Morgan Stanley Maintains Equal-Weight on Snowflake, Raises Price Target to $344",
39,SNOW,2021-12-03T10:04:27Z,61 Biggest Movers From Yesterday,"Gainers


	Jowell Global Ltd. (NASDAQ: JWEL) jumped 25.5% to close at $13.36. Jowell Global recently announced a collaboration with Unilever&#39;s Uni-Excubator.
"
40,SNOW,2021-12-02T22:11:21Z,PreMarket Prep Stock Of The Day: Snowflake,"There are other factors besides a company’s earnings report that can influence the post-print price action. On some occasions, they can work in favor of the company and other times not."
41,SNOW,2021-12-02T17:05:56Z,40 Stocks Moving In Thursday's Mid-Day Session,"Gainers


	Biofrontera Inc. (NASDAQ: BFRI) surged 39% to $6.02. Biofrontera announced Notice of Allowance for U.S. patent titled &#39;Illumination for Photodynamic Therapy.&#39;
"
42,SNOW,2021-12-02T16:17:17Z,Snowflake Shares Up 13%; CEO Now Speaking On CNBC,
43,SNOW,2021-12-02T16:07:42Z,Where Snowflake Stands With Analysts,"Within the last quarter, Snowflake (NYSE:SNOW) has observed the following analyst ratings: "
44,SNOW,2021-12-02T15:55:13Z,Snowflake Shares Up ~8% Following Earnings Wednesday Afternoon; Hearing Co. CEO Coming Up For Interview On CNBC,
45,SNOW,2021-12-02T15:39:08Z,"Analysts Cheer Snowflake's Q3 Earnings, Raise Price Targets",Analysts have bumped up price targets on Snowflake Inc (NYSE: 
46,SNOW,2021-12-02T15:26:16Z,"Deutsche Bank Maintains Buy on Snowflake, Raises Price Target to $400",
47,SNOW,2021-12-02T14:59:19Z,Why Snowflake Shares Are Heating Up,Snowflake Inc (NYSE: SNOW) is trading higher Wednesday after the company announced better-than-expected fiscal third-quarter 2022 revenue results and issued guidance.
48,SNOW,2021-12-02T12:39:12Z,"JMP Securities Maintains Market Outperform on Snowflake, Raises Price Target to $385",
49,SNOW,2021-12-02T12:36:44Z,"Goldman Sachs Maintains Buy on Snowflake, Raises Price Target to $390",
50,SNOW,2021-12-02T12:30:07Z,10 Biggest Price Target Changes For Thursday,"
	Wells Fargo boosted  Five Below, Inc.  (NASDAQ: FIVE) price target from $235 to $240. Five Below shares rose 10.5% to $209.00 in pre-market trading.
"
51,SNOW,2021-12-02T12:13:01Z,"Barclays Maintains Equal-Weight on Snowflake, Raises Price Target to $393",
52,SNOW,2021-12-02T12:05:41Z,27 Stocks Moving in Thursday's Pre-Market Session,"Gainers


	Phunware, Inc. (NASDAQ: PHUN) rose 25.8% to $4.09 in pre-market trading after surging around 12% on Wednesday.
"
53,SNOW,2021-12-02T09:37:02Z,"Piper Sandler Maintains Overweight on Snowflake, Raises Price Target to $397",
54,SNOW,2021-12-01T21:08:12Z,Snowflake Sees Q4 Product Revenue $345M-$350M,
55,SNOW,2021-12-01T21:07:03Z,"Snowflake Q3 GAAP EPS $(0.51) May Not Compare To $(0.06) Estimate, Sales $334.44M Beat $305.57M Estimate",
56,SNOW,2021-12-01T18:03:27Z,Snowflake Shares Quiet As Hearing Investors Business Daily Removes Stock From Its Leaderboard,
57,SNOW,2021-12-01T09:21:35Z,"Earnings Scheduled For December 1, 2021"," 

Companies Reporting Before The Bell

• BRP (NASDAQ:DOOO) is estimated to report quarterly earnings at $1.08 per share on revenue of $1.35 billion."
58,SNOW,2021-11-30T15:32:03Z,Preview: Snowflake's Earnings,"Snowflake (NYSE:SNOW) is set to give its latest quarterly earnings report on Wednesday, 2021-12-01. Here&#39;s what investors need to know before the announcement.
Analysts estimate that Snowflake will likely report an Earnings Per Share (EPS) of $-0.06. "
59,SNOW,2021-11-29T18:09:40Z,"Giant U.S. Pension Fund Bought AMC, Snowflake, Tilray Stock",
60,SNOW,2021-11-29T14:25:46Z,"BTIG Bumps Up Snowflake Price Target By 19%, Remains Bullish","
"
61,SNOW,2021-11-29T13:21:56Z,"Benzinga Pro's Top 5 Stocks To Watch For Monday, Nov. 29, 2021: MRNA, KR, SNOW, VBIV, APOG",
62,SNOW,2021-11-29T13:00:57Z,"BTIG Maintains Buy on Snowflake, Raises Price Target to $421",
63,SNOW,2021-11-22T15:14:04Z,Intel Teams With Snowflake To 'provide performance across multiple public clouds to joint customers',
64,SNOW,2021-11-19T16:32:15Z,Notable Snowflake Insider Trades $33M In Company Stock,"Mark Garrett, Insider at Snowflake (NYSE:SNOW), made a large buy and sell of company shares on November 16, according to a new SEC filing."
65,SNOW,2021-11-19T15:08:55Z,"Benzinga's Top Ratings Upgrades, Downgrades For November 19, 2021", 
66,SNOW,2021-11-19T11:35:45Z,A Peek Into The Markets: US Stock Futures Mixed; Crude Oil Tumbles Over 2%,"Pre-open movers

U.S. stock futures traded mixed in early pre-market trade. Investors are awaiting earnings results from  Foot Locker, Inc.  (NYSE: FL), and  The Buckle, Inc.  (NYSE: BKE)."
67,SNOW,2021-11-19T11:23:12Z,Rosenblatt Downgrades Snowflake to Neutral,
68,SNOW,2021-11-18T19:03:43Z,Watching Snowflake Shares; Hearing Newsletter Provider Banyan Hill Sells Stock,
69,SNOW,2021-11-18T15:22:51Z,Notable Snowflake Insider Trades $8.0M In Company Stock,"Mark Garrett, Insider at Snowflake (NYSE:SNOW), made a large buy and sell of company shares on November 15, according to a new SEC filing."
70,SNOW,2021-11-16T17:52:56Z,Analyst Ratings For Snowflake," Within the last quarter, Snowflake (NYSE:SNOW) has observed the following analyst ratings: "
71,SNOW,2021-11-16T15:11:44Z,"Benzinga's Top Ratings Upgrades, Downgrades For November 16, 2021", 
72,SNOW,2021-11-16T14:10:44Z,Snowflake Announces Python Support,
73,SNOW,2021-11-16T10:16:27Z,"Credit Suisse Initiates Coverage On Snowflake with Outperform Rating, Announces Price Target of $455",
74,SNOW,2021-11-15T15:34:36Z,Notable Snowflake Insider Trades $22M In Company Stock,"Michael Scarpelli, Insider at Snowflake (NYSE:SNOW), made a large buy and sell of company shares on November 10, according to a new SEC filing."
75,SNOW,2021-11-10T16:01:17Z,Notable Snowflake Insider Trades $14M In Company Stock," Dennis John Mcmahon, Director at Snowflake (NYSE:SNOW), made a large buy and sell of company shares on November 5, according to a new SEC filing."
76,SNOW,2021-11-09T22:38:54Z,"Amplitude Announces Partnership With Snowflake To Combine The Data Cloud And Digital Optimization, Delivering Real-time, Unified And Enriched Customer Insights",
77,SNOW,2021-11-04T14:47:38Z,Chief Revenue Officer Of Snowflake Trades $13M In Company Stock," William Christopher Degnan, Chief Revenue Officer at Snowflake (NYSE:SNOW), made a large buy and sell of company shares on November 1, according to a new SEC filing."
78,SNOW,2021-11-03T15:09:12Z,Notable Snowflake Insider Trades $3.7M In Company Stock," Frank Slootman, CEO And Chairman at Snowflake (NYSE:SNOW), made a large buy and sell of company shares on November 1, according to a new SEC filing."
79,SNOW,2021-11-02T15:38:25Z,CEO And Chairman Of Snowflake Trades $4.0M In Company Stock," Frank Slootman, CEO And Chairman at Snowflake (NYSE:SNOW), made a large buy and sell of company shares on October 28, according to a new SEC filing."
80,SNOW,2021-11-01T15:21:46Z,Notable Snowflake Insider Trades $14M In Company Stock,"Frank Slootman, CEO And Chairman at Snowflake (NYSE:SNOW), made a large buy and sell of company shares on October 27, according to a new SEC filing."
81,SNOW,2021-10-25T15:02:24Z,CEO And Chairman Of Snowflake Trades $21M In Company Stock,"Frank Slootman, CEO And Chairman at Snowflake (NYSE:SNOW), made a large buy and sell of company shares on October 20, according to a new SEC filing."
82,SNOW,2021-10-20T10:45:08Z,"28 Stocks To Benefit From Inflation, According To Jim Cramer","On CNBC’s “Mad Money,” Jim Cramer advised against falling into the trap of “thinking that the whole market will get wrecked by persistent inflation.”"
83,SNOW,2021-10-19T18:05:09Z,Why Brad Gerstner Is So Bullish On Bitcoin And The Future Of Cryptocurrency,"Speaking on CNBC Monday, longtime activist investor Carl Icahn said Bitcoin (CRYPTO: BTC) is &#34;a very difficult thing to invest in.&#34; Although Icahn noted he had spent a considerable amount of time researching Bitcoin, he told CNBC &#34;the jury is still out&#34; on the popu"
84,SNOW,2021-10-19T16:09:09Z,Where Snowflake Stands With Analysts, Analysts have provided the following ratings for Snowflake (NYSE:SNOW) within the last quarter: 
85,SNOW,2021-10-19T15:11:14Z,Cramer Says These Cloud Stocks Are Ready To Rally,"On CNBC’s “Mad Money,&#34; Jim Cramer said some of the fast-growing cloud stocks seemed “ready to roar.”"
86,SNOW,2021-10-19T13:02:18Z,Snowflake Launches Media Data Cloud,
87,SNOW,2021-10-19T12:21:29Z,10 Biggest Price Target Changes For Tuesday,"
	Goldman Sachs boosted  Walmart Inc.  (NYSE: WMT) price target from $184 to $196. Walmart shares rose 2.2% to $144.75 in pre-market trading.
"
88,SNOW,2021-10-19T11:26:31Z,"JMP Securities Maintains Market Outperform on Snowflake, Raises Price Target to $350",
89,SNOW,2021-10-13T14:59:22Z,Why Snowflake's Stock Is Heating Up Today,Snowflake Inc (NYSE: SNOW) is trading higher Wednesday after the company announced a partnership with UiPath Inc (NYSE: PATH) to integrate UiPath Insights with the company&#39;s platform.
90,SNOW,2021-10-13T12:09:25Z,UiPath Reports Partnership With Snowflake To Power Robotic Process Automation Analytics In The Cloud,
91,SNOW,2021-10-12T16:39:57Z,Piper Sandler Analyst Thinks This Cloud Software Stock Has More Upside Than Snowflake,"Twilio Inc (NYSE: TWLO) will likely become a much bigger business than what people are expecting, Piper Sandler analyst Brent Bracelin said Tuesday on CNBC&#39;s &#34;TechCheck.&#34;"
92,SNOW,2021-10-08T15:56:02Z,Director Of Snowflake Trades $11M In Company Stock," Dennis John Mcmahon, Director at Snowflake (NYSE:SNOW), made a large buy and sell of company shares on October 5, according to a new SEC filing."
93,SNOW,2021-10-06T15:34:14Z,Chief Revenue Officer Of Snowflake Trades $11M In Company Stock,"William Christopher Degnan, Chief Revenue Officer at Snowflake (NYSE:SNOW), made a large buy and sell of company shares on October 1, according to a new SEC filing."
94,SNOW,2021-10-05T13:06:35Z,Fluent To Make Opted-In Data Sets Available Through Snowflake Data Marketplace,
95,SNOW,2021-10-04T17:51:22Z,Snowflake's Return on Invested Capital Overview," According to Benzinga Pro data, during Q2, Snowflake (NYSE:SNOW) posted sales of $272.20 million. Earnings were up 2.65%, but Snowflake still reported an overall loss of $200.14 million."
96,SNOW,2021-10-04T15:07:14Z,Why Snowflake Shares Are Falling,"Shares of companies in the broader technology space, including Snowflake Inc. (NYSE: SNOW) are trading lower amid a rise in bond yields, which has weighed on growth stock valuations."
97,SNOW,2021-09-30T16:10:46Z,Analyst Ratings For Snowflake, Analysts have provided the following ratings for Snowflake (NYSE:SNOW) within the last quarter: 
98,SNOW,2021-09-30T16:00:34Z,"Altimeter's Brad Gerstner Sells Travel Stocks, Buys These Growth Stocks: 'People Underappreciate The Size Of The Future Market'","Altimeter Capital chairman and CEO Brad Gerstner provided a long-term bullish outlook Wednesday, but added he is positioned for a short-term pullback in the markets."
99,SNOW,2021-09-30T15:16:19Z,Why Snowflake Shares Are Heating Up Today,Snowflake Inc (NYSE: SNOW) is trading higher Thursday after BTIG analyst Gray Powell upgraded the stock from a Neutral rating to a Buy rating and announced a price target of $353 per share. 
100,SNOW,2021-09-30T15:04:43Z,"Benzinga's Top Ratings Upgrades, Downgrades For September 30, 2021","Upgrades

"
101,SNOW,2021-09-30T11:44:59Z,BTIG Upgrades Snowflake - Read Why,"
"
102,SNOW,2021-09-30T10:26:47Z,"BTIG Upgrades Snowflake to Buy, Announces $353 Price Target",
103,SNOW,2021-09-23T14:50:54Z,Notable Snowflake Insider Trades $20.23 Million In Company Stock,"Frank Slootman, CEO And Chairman at Snowflake (NYSE:SNOW), made a large buy and sell of company shares on September 20, according to a new SEC filing."
104,SNOW,2021-09-22T15:02:44Z,"Snowflake, Citi Securities Confirm Earlier Report Cos To Re-Imagine How Data Flows Across Financial Service Transactions",
105,SNOW,2021-09-22T14:56:57Z,CitiGroup To Begin Sharing Some Trading Data With Snowflake,
106,SNOW,2021-09-14T13:01:57Z,Snowflake Announces Launch Of Financial Services Data Cloud,
107,SNOW,2021-09-13T19:56:06Z,"Tuya's Stock Gets Lift From Share Buyback, FTSE Inclusion",Key points:
108,SNOW,2021-09-13T14:55:07Z,Notable Snowflake Insider Trades $19.42 Million In Company Stock,"Michael Scarpelli, Chief Financial Officer at Snowflake (NYSE:SNOW), made a large buy and sell of company shares on September 8, according to a new SEC filing."
109,SNOW,2021-09-10T20:39:26Z,Notable Snowflake Insider Trades $12.70 Million In Company Stock," Dennis John Mcmahon, Director at Snowflake (NYSE:SNOW), made a large buy and sell of company shares on September 7, according to a new SEC filing."
110,SNOW,2021-09-02T17:22:45Z,Snowflake Shares Spike To Session High On Volume; Hearing Stock Was Named As A Pick By Motley Fool,
111,SNOW,2021-09-02T17:16:24Z,Snowflake Option Alert: Fri $305 Calls Sweep (28) near the Bid: 260 @ $4.286 vs 968 OI; Ref=$307.51,
112,SNOW,2021-08-31T12:27:31Z,4 Stocks Insiders Are Selling,"When insiders sell shares, it indicates their concern in the company’s prospects or that they view the stock as being overpriced. Either way, this signals an opportunity to go short on the stock. Insider sales should not be taken as the only indicator for making an investment or trading decision. At best, it can lend conviction to a selling decision."
113,SNOW,2021-08-26T21:18:18Z,Snowflake Shares Rally On Q2 Results: What 3 Analysts Are Saying,"Cloud computing-based data warehousing company Snowflake Inc. (NASDAQ: SNOW) reported better-than-expected results for its fiscal year second quarter, sending its  shares higher  Thursday."
114,SNOW,2021-08-26T16:33:48Z,Where Snowflake Stands With Analysts," Over the past 3 months, 11 analysts have published their opinion on Snowflake (NYSE:SNOW) stock. These analysts are typically employed by large Wall Street banks and tasked with understanding a company&#39;s business to predict how a stock will trade over the upcoming year.




"
115,SNOW,2021-08-26T14:44:32Z,"Cowen & Co. Maintains Outperform on Snowflake, Raises Price Target to $335",
116,SNOW,2021-08-26T14:39:51Z,"Loop Capital Maintains Hold on Snowflake, Raises Price Target to $295",
117,SNOW,2021-08-26T14:31:42Z,How Analysts Treated Snowflake Post Q2?,"
"
118,SNOW,2021-08-26T14:29:30Z,"Morgan Stanley Maintains Equal-Weight on Snowflake, Raises Price Target to $295",
119,SNOW,2021-08-26T13:27:30Z,"JMP Securities Maintains Market Outperform on Snowflake, Raises Price Target to $320",
120,SNOW,2021-08-26T12:53:48Z,Why Snowflake Shares Are Trading Higher Today,Snowflake Inc (NYSE: SNOW) is trading higher Thursday after the company announced better-than-expected second-quarter fiscal 2022 earnings results.
121,SNOW,2021-08-26T12:24:33Z,"Barclays Maintains Equal-Weight on Snowflake, Raises Price Target to $295",
122,SNOW,2021-08-26T11:55:19Z,10 Biggest Price Target Changes For Thursday,"
	Keybanc raised the price target for  Intuit Inc. (NASDAQ: INTU) from $475 to $625. Intuit rose 0.3% to close at $555.61 on Wednesday.
"
123,SNOW,2021-08-26T08:57:04Z,"Piper Sandler Maintains Overweight on Snowflake, Raises Price Target to $305",
124,SNOW,2021-08-25T21:53:02Z,12 Information Technology Stocks Moving In Wednesday's After-Market Session," Gainers

"
125,SNOW,2021-08-25T20:09:50Z,"Snowflake Q2 Adj. EPS $(0.04) Beat $(0.15) Estimate, Sales $254.60M Miss $256.54M Estimate",
126,SNOW,2021-08-25T21:18:27Z,"CORRECTION: Snowflake Q2 Adj. EPS $(0.04) Beats $(0.15) Estimate, Sales $254.60M Miss $256.54 Estimate",
127,SNOW,2021-08-25T20:11:20Z,"Snowflake Sees Q3 Sales $280M-$285M vs $292.33M Est., Sees FY22 Sales $1.06B-$1.07B vs $1.11B Est.",
128,SNOW,2021-08-25T17:33:15Z,Snowflake And These 2 Stocks Will Be Featured On 'Mad Money' Tonight,"Snowflake Inc (NYSE: SNOW), Salesforce.com Inc (NYSE: CRM) and Toll Brothers Inc (NYSE: TOL) will be featured Wednesday on CNBC&amp;"
129,SNOW,2021-08-25T12:53:59Z,"Benzinga Pro's Top 5 Stocks To Watch For Wednesday, Aug. 25, 2021: AMC, OKTA, SNOW, SPRT, CPOP",
130,SNOW,2021-08-25T08:03:36Z,"Earnings Scheduled For August 25, 2021"," 

Companies Reporting Before The Bell

• Jiayin Gr (NASDAQ:JFIN) is projected to report quarterly earnings at $0.21 per share on revenue of $54.80 million."
131,SNOW,2021-08-24T16:17:46Z,What 12 Analyst Ratings Have To Say About Snowflake," Snowflake (NYSE:SNOW) has observed the following analyst ratings within the last quarter: 




Bullish
Somewhat Bullish
Indifferent
"
132,SNOW,2021-08-24T14:36:43Z,"Thinking About Buying Stock Or Options In Peloton, Ulta Beauty Or Snowflake?","One of the most common questions traders have about stocks is “Why Is It Moving?”

That’s why Benzinga created the Why Is It Moving, or WIIM, feature in Benzinga Pro. WIIMs are a one-sentence description as to why a stock is moving."
133,SNOW,2021-08-24T12:31:22Z,10 Biggest Price Target Changes For Tuesday,"
	Benchmark cut the price target for  JD.com, Inc. (NASDAQ: JD) from $112 to $102. JD.com rose 8.5% to $71.32 in pre-market trading.
"
134,SNOW,2021-08-24T11:07:59Z,"Rosenblatt Maintains Buy on Snowflake, Raises Price Target to $295",
135,SNOW,2021-08-23T17:11:49Z,10 Information Technology Stocks With Unusual Options Alerts In Today's Session, This unusual options alert can help traders discover the next big trading opportunities. Traders will search for circumstances when the market estimation of an option diverges heavily from its normal worth. Unusual trading activity could push option prices to exaggerated or underestimated levels. 
136,SNOW,2021-08-21T13:42:25Z,"Benzinga's Bulls And Bears Of The Week: Apple, Bitcoin, Microsoft, Robinhood, Walmart And More","
	Benzinga has examined the prospects for many investor favorite stocks over the past week. 
	
	Last week&#39;s bullish calls included big tech stocks and a rare earth materials producer.
	
"
137,SNOW,2021-08-20T17:23:00Z,Is Snowflake's Stock Doomed After A Cross Below Support?,"Snowflake Inc. (NYSE: SNOW) shares are trading lower Friday after Cleveland Research released a note to clients warning the company maybe showing signs of slowed growth from its previous quarter, according to reports.

Snowflake was down 7.11% at $259.65 at last check Friday at publication."
138,SNOW,2021-08-20T16:00:10Z,38 Stocks Moving In Friday's Mid-Day Session,"Gainers


	Regencell Bioscience Holdings Limited (NASDAQ: RGC) shares jumped 175% to $17.33. Regencell Bioscience reported partial exercise of underwriter’s over-allotment option.
"
139,SNOW,2021-08-20T16:33:52Z,12 Information Technology Stocks Moving In Friday's Intraday Session, 
140,SNOW,2021-08-20T14:55:58Z,Why Snowflake's Stock Is Falling Today,"Snowflake Inc (NYSE: SNOW) is trading significantly lower Friday after Cleveland Research released a note to clients warning that the company is showing signs of slowed growth from its previous quarter, according to reports. "
141,SNOW,2021-08-20T12:08:18Z,12 Information Technology Stocks Moving In Friday's Pre-Market Session, 
142,SNOW,2021-08-16T18:20:48Z,"Tiger Global 13F Shows Raised Stakes In Zoom Video, Snowflake, DocuSign, Qualtrics, Cut Stakes In Facebook, Salesforce",
143,SNOW,2021-08-16T11:47:41Z,Equifax Partners With Snowflake To Make Differentiated Data Available Through Snowflake Data Marketplace,
144,SNOW,2021-08-12T16:35:45Z,10 Information Technology Stocks Showing Unusual Options Activity In Today's Session, This unusual options alert can help traders track potentially big trading opportunities. Traders often look for circumstances when the market estimation of an option diverges away from its normal worth. Unusual trading activity could push option prices to hyperbolic or underperforming levels. 
145,SNOW,2021-08-12T12:18:41Z,"Cramer Gives His Opinion On Zillow, SoFi And More","On CNBC&#39;s &#34;Mad Money Lightning Round,&#34; Jim Cramer said this is a decent level at which to buy Zillow Group Inc Class A (NASDAQ: ZG) with mortgage rates so low."
146,SNOW,2021-08-10T17:09:24Z,Analyzing Snowflake's Unusual Options Activity, Snowflake (NYSE:SNOW) shares experienced unusual options activity on Tuesday. The stock price moved down to $277.81 following the option alert. 
147,SNOW,2021-08-10T16:59:56Z,9 Information Technology Stocks With Unusual Options Alerts In Today's Session, This unusual options alert can help traders track potentially big trading opportunities. Traders often look for circumstances when the market estimation of an option diverges away from its normal worth. Unusual trading activity could push option prices to hyperbolic or underperforming levels. 
148,SNOW,2021-08-05T17:50:42Z,Understanding Snowflake's Unusual Options Activity, Snowflake (NYSE:SNOW) shares experienced unusual options activity on Thursday. The stock price moved up to $276.99 following the option alert. 
149,SNOW,2021-08-03T16:37:59Z,"Snowflake Stock Soars, Options Traders Bets It Drifts Higher Still",Snowflake Inc (NYSE: SNOW) announced it would print its earnings results on Aug. 25 after the markets close and the stock looks to be beginning to run up into the event.
150,SNOW,2021-08-03T16:20:06Z,Analyzing Snowflake's Unusual Options Activity, Snowflake (NYSE:SNOW) shares experienced unusual options activity on Tuesday. The stock price moved up to $283.19 following the option alert. 
151,SNOW,2021-08-03T15:10:20Z,Snowflake Shares Spike Higher On Volume; Hearing Investor's Business Daily Swingtrader Calling Stock A Long,
152,SNOW,2021-07-30T16:58:15Z,Understanding Snowflake's Unusual Options Activity, Snowflake (NYSE:SNOW) shares experienced unusual options activity on Friday. The stock price moved down to $268.02 following the option alert. 
153,SNOW,2021-07-30T16:37:07Z,10 Information Technology Stocks Showing Unusual Options Activity In Today's Session, This unusual options alert can help traders track potentially big trading opportunities. Traders often look for circumstances when the market estimation of an option diverges away from its normal worth. Unusual trading activity could push option prices to hyperbolic or underperforming levels. 
154,SNOW,2021-07-29T18:55:41Z,Unusual Options Activity Insight: Snowflake, Snowflake (NYSE:SNOW) shares experienced unusual options activity on Thursday. The stock price moved down to $269.29 following the option alert. 
155,SNOW,2021-07-28T16:50:05Z,8 Information Technology Stocks Showing Unusual Options Activity In Today's Session, This unusual options alert can help traders track potentially big trading opportunities. Traders often look for circumstances when the market estimation of an option diverges away from its normal worth. Unusual trading activity could push option prices to hyperbolic or underperforming levels. 
156,SNOW,2021-07-27T17:19:52Z,10 Information Technology Stocks With Unusual Options Alerts In Today's Session, This unusual options alert can help traders discover the next big trading opportunities. Traders will search for circumstances when the market estimation of an option diverges heavily from its normal worth. Unusual trading activity could push option prices to exaggerated or underestimated levels. 
157,SNOW,2021-07-26T18:45:46Z,Understanding Snowflake's Unusual Options Activity," On Monday, shares of Snowflake (NYSE:SNOW) saw unusual options activity. After the option alert, the stock price moved up to $268.03. "
158,SNOW,2021-07-23T17:36:22Z,Understanding Snowflake's Unusual Options Activity," Shares of Snowflake (NYSE:SNOW) saw some unusual options activity on Friday. Following the unusual option alert, the stock price moved up to $268.8. "
159,SNOW,2021-07-22T15:51:10Z,Analyzing Snowflake's Unusual Options Activity," On Thursday, shares of Snowflake (NYSE:SNOW) saw unusual options activity. After the option alert, the stock price moved up to $265.12. "
160,SNOW,2021-07-20T18:09:58Z,Unusual Options Activity Insight: Snowflake, Snowflake (NYSE:SNOW) shares experienced unusual options activity on Tuesday. The stock price moved up to $255.75 following the option alert. 
161,SNOW,2021-07-19T18:48:52Z,Analyzing Snowflake's Unusual Options Activity, Snowflake (NYSE:SNOW) shares experienced unusual options activity on Monday. The stock price moved up to $252.58 following the option alert. 
162,SNOW,2021-07-16T17:25:38Z,Unusual Options Activity Insight: Snowflake," On Friday, shares of Snowflake (NYSE:SNOW) saw unusual options activity. After the option alert, the stock price moved up to $252.24. "
163,SNOW,2021-07-15T17:28:17Z,Understanding Snowflake's Unusual Options Activity," On Thursday, shares of Snowflake (NYSE:SNOW) saw unusual options activity. After the option alert, the stock price moved down to $249.71. "
164,SNOW,2021-07-13T16:42:25Z,Analyzing Snowflake's Unusual Options Activity, Snowflake (NYSE:SNOW) shares experienced unusual options activity on Tuesday. The stock price moved up to $269.87 following the option alert. 
165,SNOW,2021-07-12T17:19:21Z,Understanding Snowflake's Unusual Options Activity, Snowflake (NYSE:SNOW) shares experienced unusual options activity on Monday. The stock price moved down to $264.6 following the option alert. 
166,SNOW,2021-07-09T20:01:18Z,Could Snowflake Be Ready To See A Reversal?,Snowflake Inc. (NYSE: SNOW) shares traded higher Friday after retail traders pushed it higher. Several technology stocks were also trading higher as markets recovered from yesterday’s sell-off over concerns that economic recovery is slowing as the COVID-19 Delta variant spreads.
167,SNOW,2021-07-09T17:27:12Z,Understanding Snowflake's Unusual Options Activity," Shares of Snowflake (NYSE:SNOW) saw some unusual options activity on Friday. Following the unusual option alert, the stock price moved up to $264.93. "
168,SNOW,2021-07-09T17:18:33Z,10 Information Technology Stocks With Unusual Options Alerts In Today's Session, This unusual options alert can help traders discover the next big trading opportunities. Traders will search for circumstances when the market estimation of an option diverges heavily from its normal worth. Unusual trading activity could push option prices to exaggerated or underestimated levels. 
169,SNOW,2021-07-08T18:20:52Z,Why RBC Analysts Are Bullish On FactSet: What Investors Should Know,"Strong demand and competitive positioning have turned RBC Capital Markets analysts Bullish on shares of FactSet Research Systems, Inc. (NYSE: FDS)."
170,SNOW,2021-07-07T17:22:18Z,Understanding Snowflake's Unusual Options Activity, Snowflake (NYSE:SNOW) shares experienced unusual options activity on Wednesday. The stock price moved up to $247.51 following the option alert. 
171,SNOW,2021-07-02T18:37:02Z,Understanding Snowflake's Unusual Options Activity," On Friday, shares of Snowflake (NYSE:SNOW) saw unusual options activity. After the option alert, the stock price moved up to $238.16. "
172,SNOW,2021-06-21T19:08:37Z,Software Database Firm Couchbase Files For US IPO: Reuters,"
"
173,SNOW,2021-06-16T13:27:58Z,Envestnet | Yodlee Reports Collaboration With Snowflake 'to provide the availability of its industry-leading data analytics on Snowflake Data Marketplace',
174,SNOW,2021-06-15T15:07:25Z,Snowflake: Return On Capital Employed Insights,"In Q1, Snowflake (NYSE:SNOW) posted sales of $228.91 million. Earnings were up 2.59%, but Snowflake still reported an overall loss of $205.59 million. Snowflake collected $190.47 million in revenue during Q4, but reported earnings showed a $200.40 million loss. "
175,SNOW,2021-06-14T13:31:53Z,10 Biggest Price Target Changes For Monday,"
	Needham raised  OrthoPediatrics Corp. (NASDAQ: KIDS) price target from $70 to $77. Vertex Pharmaceuticals shares rose 0.2% to close at $63.51 on Friday.
"
176,SNOW,2021-06-14T12:24:52Z,"Deutsche Bank Maintains Buy on Snowflake, Raises Price Target to $265",
177,SNOW,2021-06-11T15:18:19Z,Analyst Ratings for Snowflake,"Within the last quarter, Snowflake (NYSE:SNOW) has observed the following analyst ratings: 




Last 30 Days
1 Month Ago
2 Months Ago
"
178,SNOW,2021-06-11T12:52:29Z,"Piper Sandler Maintains Overweight on Snowflake, Lowers Price Target to $290",
179,SNOW,2021-06-11T12:20:31Z,"Thinking About Buying Stock Or Options In Tilray, Ocugen, Biogen Or Snowflake?","One of the most common questions traders have about stocks is “Why Is It Moving?”

That’s why Benzinga created the Why Is It Moving, or WIIM, feature in Benzinga Pro. WIIMs are a one-sentence description as to why that stock is moving."
180,SNOW,2021-06-11T11:48:24Z,10 Biggest Price Target Changes For Friday,"
	Barclays lowered  Vertex Pharmaceuticals Incorporated (NASDAQ: VRTX) price target from $302 to $285. Vertex Pharmaceuticals shares fell 13.3% to $187.88 in pre-market trading.
"
181,SNOW,2021-06-11T11:01:59Z,"Rosenblatt Maintains Buy on Snowflake, Lowers Price Target to $265",
182,SNOW,2021-06-10T20:40:55Z,"Snowflake Shares Lower Over Last 30 Minutes; Co Sees 2029 Product Revenue $10B; Sees 2029 NG Gross Margin ~75%, NG OP Income ~10% Of Revenue",
183,SNOW,2021-06-10T13:04:15Z,Domo Joins Snowflake's Snowpark Accelerated Program,
184,SNOW,2021-06-09T13:09:27Z,"C3 AI Reports Partnership With Snowflake To Deliver Next-Gen Enterprise AI Applications At Scale, No Terms Disclosed",
185,SNOW,2021-06-09T12:01:36Z,"Talend Reports Partnership With Snowflake To Offer Users Verification Of Quality Of Data Inside Data Cloud, No Terms Disclosed",
186,SNOW,2021-06-08T13:09:41Z,"UBS Maintains Buy on Snowflake, Raises Price Target to $300",
187,SNOW,2021-06-03T20:13:05Z,"'Halftime Report' Traders Weigh In On GlaxoSmithKline, Snowflake And More","On CNBC&#39;s &#34;Fast Money Halftime Report,&#34; Jenny Harrington said GlaxoSmithKline plc (NYSE: GSK) has performed terribly, but we could be at a beginning of value creation and value being unlocked as the co"
188,SNOW,2021-05-27T22:17:36Z,PreMarket Prep Stock Of The Day: Snowflake,"Benzinga&#39;s PreMarket Prep airs every morning from 8-9 a.m. ET. During that fast-paced, highly informative hour, traders and investors tune in to get the major news of the day, the catalysts behind those moves and the corresponding price action for the upcoming session."
189,SNOW,2021-05-27T19:24:04Z,Why Jon Najarian Is Bullish On Snowflake,"Jon Najarian is bullish on Snowflake Inc (NYSE: SNOW) after earnings, he said Thursday on CNBC&#39;s &#34;Fast Money: Halftime Report.&#34;"
190,SNOW,2021-05-27T16:49:05Z,CORRECTION: Snowflake Q1 Sales $228.91M,
191,SNOW,2021-05-27T15:13:33Z,"Snowflake Shares At Session High, Spike On Volume, As Hearing Stock Named A Buy By Motley Fool's Rulebreakers Service",
192,SNOW,2021-05-27T14:26:22Z,What 14 Analyst Ratings Have To Say About Snowflake,"Within the last quarter, Snowflake (NYSE:SNOW) has observed the following analyst ratings: 




Last 30 Days
1 Month Ago
2 Months Ago
"
193,SNOW,2021-05-27T13:41:04Z,"DA Davidson Maintains Buy on Snowflake, Lowers Price Target to $275",
194,SNOW,2021-05-27T13:24:10Z,"Loop Capital Maintains Hold on Snowflake, Lowers Price Target to $250",
195,SNOW,2021-05-27T12:23:15Z,"Canaccord Genuity Maintains Hold on Snowflake, Lowers Price Target to $240",
196,SNOW,2021-05-27T12:08:31Z,11 Information Technology Stocks Moving In Thursday's Pre-Market Session, 
197,SNOW,2021-05-27T11:28:27Z,Why Snowflake's Stock Is Trading Lower Today,Snowflake Inc. (NYSE: SNOW) shares are trading lower after the company reported worse-than-expected EPS results and issued sales guidance below estimates.
198,SNOW,2021-05-27T11:14:54Z,"Deutsche Bank Maintains Buy on Snowflake, Lowers Price Target to $248",
199,SNOW,2021-05-27T11:04:42Z,24 Stocks Moving in Thursday's Pre-Market Session,"Gainers


	Vertex Energy, Inc. (NASDAQ: VTNR) rose 82% to $3.24 in pre-market trading after the company announced plans to acquire a Alabama refinery and related logistics assets.
"
200,SNOW,2021-05-27T11:00:50Z,"Rosenblatt Maintains Buy on Snowflake, Lowers Price Target to $270",
201,SNOW,2021-05-26T20:46:27Z,12 Information Technology Stocks Moving In Wednesday's After-Market Session,"Gainers

"
202,SNOW,2021-05-26T20:07:34Z,Snowflake Sees Q2 Sales $235M-$240M vs $251.02M Est.,
203,SNOW,2021-05-26T20:06:38Z,"Snowflake Q1 EPS $(0.70) Misses $(0.16) Estimate, Sales $213.80M Beat $212.90M Estimate",
204,SNOW,2021-05-26T08:12:24Z,"Earnings Scheduled For May 26, 2021"," 

Companies Reporting Before The Bell

• Boqii Holding (NYSE:BQ) is expected to report quarterly loss at $0.14 per share on revenue of $35.05 million."
205,SNOW,2021-05-24T14:52:02Z,Unusual Options Activity Insight: Snowflake,"Unusual Options Activity Insight: Snowflake
Shares of Snowflake (NYSE:SNOW) saw some unusual options activity on Monday. Following the unusual option alert, the stock price moved up to $234.09. "
206,SNOW,2021-05-20T19:30:44Z,"'Halftime Report' Traders Advise Viewers On Snowflake, DocuSign And More","On CNBC&#39;s &#34;Fast Money Halftime Report,&#34; Josh Brown said Snowflake Inc (NYSE: SNOW) is a great company, but he still can&#39;t get comfortable with where it&#39;s trading."
207,SNOW,2021-05-19T16:39:40Z,8 Information Technology Stocks With Unusual Options Alerts In Today's Session,This unusual options alert can help traders discover the next big trading opportunities. Traders will search for circumstances when the market estimation of an option diverges heavily from its normal worth. Unusual trading activity could push option prices to exaggerated or underestimated levels. 
208,SNOW,2021-05-19T13:19:42Z,"ZoomInfo Reports Partnership With Snowflake; ZoomInfo To Joint Snowflake Data Marketplace to Centralize, Streamline Data Delivery",
209,SNOW,2021-05-18T15:56:19Z,Why This Snowflake Stock Analyst Is Bullish Ahead Of Q1 Print,"Snowflake Inc (NYSE: SNOW) could meet or exceed expectations when it reports fiscal first-quarter results after the close Wednesday, according to Rosenblatt Securities."
210,SNOW,2021-05-18T14:05:31Z,"Benzinga's Top Ratings Upgrades, Downgrades For May 18, 2021", 
211,SNOW,2021-05-18T13:14:32Z,"Jefferies Maintains Hold on Snowflake, Lowers Price Target to $235",
212,SNOW,2021-05-18T12:39:06Z,What's Going On With Snowflake Stock Today?,Snowflake Inc (NYSE: SNOW) shares are trading higher by 2.3% at $217.50 in Tuesday&#39;s premarket session after Rosenblatt upgraded the stock from Neutral to Buy.
213,SNOW,2021-05-18T12:00:53Z,"Cramer Weighs In On Beyond Meat, Snowflake, More",Jim Cramer said on CNBC&#39;s &#34;Mad Money Lightning Round&#34; he would buy more shares of Anthem Inc (NYSE: ANTM).
214,SNOW,2021-05-18T11:20:41Z,Rosenblatt Upgrades Snowflake to Buy,
215,SNOW,2021-05-17T17:21:54Z,10 Information Technology Stocks Showing Unusual Options Activity In Today's Session,This unusual options alert can help traders discover the next big trading opportunities. Traders will search for circumstances when the market estimation of an option diverges heavily from its normal worth. Unusual trading activity could push option prices to exaggerated or underestimated levels. 
216,SNOW,2021-05-14T16:03:37Z,Goldman Sachs Upgrades Snowflake: What Investors Need To Know,"The current tailwinds for Snowflake Inc (NYSE: SNOW) are likely to be secular trends that could drive growth for the foreseeable future, according to Goldman Sachs."
217,SNOW,2021-05-14T14:03:01Z,"Benzinga's Top Ratings Upgrades, Downgrades For May 14, 2021", 
218,SNOW,2021-05-14T12:08:08Z,Why Snowflake Is Heating Up Today,Snowflake Inc (NYSE: SNOW) is trading higher Friday after Goldman Sachs analyst Kash Rangan upgraded Snowflake from Neutral to Buy and raised the price target from $270 to $275.
219,SNOW,2021-05-14T11:50:29Z,10 Biggest Price Target Changes For Friday,"
	Rosenblatt lowered  Coinbase Global, Inc.  (NASDAQ: COIN) price target from $450 to $400. Coinbase Global shares rose 2.4% to $271.46 in pre-market trading.
"
220,SNOW,2021-05-14T10:43:18Z,"Goldman Sachs Upgrades Snowflake to Buy, Raises Price Target to $275",
221,SNOW,2021-05-11T15:05:17Z,Stocks That Hit 52-Week Lows On Tuesday," 

 

Before 10 a.m. ET Tuesday, 173 stocks hit new 52-week lows."
222,SNOW,2021-05-06T14:05:03Z,Stocks That Hit 52-Week Lows On Thursday," 

 

During the morning session on Thursday, 67 stocks hit new 52-week lows."
223,SNOW,2021-05-03T17:31:19Z,8 Information Technology Stocks Showing Unusual Options Activity In Today's Session,This unusual options alert can help traders track potentially big trading opportunities. Traders often look for circumstances when the market estimation of an option diverges away from its normal worth. Unusual trading activity could push option prices to hyperbolic or underperforming levels. 
224,SNOW,2021-05-03T14:08:15Z,"Benzinga's Top Ratings Upgrades, Downgrades For May 3, 2021", 
225,SNOW,2021-05-03T11:16:07Z,Needham Initiates Coverage On Snowflake with Hold Rating,
226,SNOW,2021-04-29T16:40:28Z,10 Information Technology Stocks Showing Unusual Options Activity In Today's Session,"This unusual options alert can help traders track potentially big trading opportunities. Traders often look for circumstances when the market estimation of an option diverges away from its normal worth. Unusual trading activity could push option prices to hyperbolic or underperforming levels.

Here&#39;s the list of some unusual options activity happening in today&#39;s session:"
227,SNOW,2021-04-22T20:49:00Z,Josh Brown On CrowdStrike And The Role Of Cybersecurity,"Cybersecurity is going to be the most important industry in the U.S. as the economy increasingly goes digital, wealth advisor Josh Brown said Thursday on CNBC&#39;s &#34;Fast Money: Halftime Report.&#34;"
228,SNOW,2021-04-22T18:23:32Z,10 Information Technology Stocks With Unusual Options Alerts In Today's Session,This unusual options alert can help traders track potentially big trading opportunities. Traders often look for circumstances when the market estimation of an option diverges away from its normal worth. Unusual trading activity could push option prices to hyperbolic or underperforming levels.
229,SNOW,2021-04-18T18:52:34Z,"A Cryptocurrency, A Big Board Name, And A Penny Stock Look Bullish Going Into The Week","The SPDR S&amp;P 500 ETF Trust (NYSE: SPY) and Bitcoin (CRYPTO: BTC) made new highs last week of $417.91 and $64,896.75, respectively, while small and midcap stocks trading on smaller exchanges took a pause."
230,SNOW,2021-04-15T19:32:15Z,"Why Coinbase's Upside Could Be Immense, With A Price Target Of $500",One of most anticipated IPOs of 2021 took place Wednesday with Coinbase Global (NASDAQ: COIN) hitting the public markets.
231,SNOW,2021-04-15T13:24:01Z,"Gamestop, Chewy And More: These Are The Stocks Being Added To The Dave Portnoy-Backed ETF","An ETF that counts Dave Portnoy as an investor in the underlying index announced its April rebalance on Thursday.

What Happened: On the third Thursday of each month, the VanEck Vectors Social Sentiment ETF (NYSE: BUZZ) rebalances its index of 75 stocks."
232,SNOW,2021-04-14T16:10:52Z,How To Trade The Coinbase IPO On Wednesday,Coinbase Global (NASDAQ: COIN) is undisputedly the hottest IPO since Snowflake Inc (NYSE: SNOW) and the timing of its debut on the NASDAQ could not be better.
233,SNOW,2021-04-14T15:59:32Z,84% Of Warren Buffett's Portfolio In 2021 Is In These 3 Categories,"The legendary value investor and Berkshire Hathaway chairman Warren Buffett has an unmatched track record of market-beating returns for more than half a century. The 90 year’s old billionaire, who held $279 billion in stocks says, &#34;The stock market is a device for transferring money from the impatient to the patient.&#34;"
234,SNOW,2021-04-13T16:33:11Z,"Altimeter Capital Founder, Brad Gerstner, Mentions Snowflake, Says Likes Co. Over Next 3-5 Years",
235,SNOW,2021-04-13T04:49:23Z,"NFT Versions Of Snowflake, Unity, Doordash, Coupang's First Trade On NYSE Landing Soon Says Cunningham",Intercontinental Exchange Inc (NYSE: ICE)-owned New York Stock Exchange’s President Stacey Cunningham said Monday that the company would launch non-fungible tokens to mark the first true trade of six publicly listed compan
236,SNOW,2021-04-07T12:17:51Z,Altimeter Growth Stock Is Trading Higher As Singapore's Grab Eyes Public Listing Via $35B SPAC Merger: FT,"
"
237,SNOW,2021-04-01T13:51:03Z,Understanding Snowflake's Unusual Options Activity,"Shares of Snowflake (NYSE:SNOW) saw some unusual options activity on Thursday. Following the unusual option alert, the stock price moved down to $229.44."
238,SNOW,2021-03-31T16:11:10Z,"On CNBC: Jim Cramer Says Likes Snowflake As Company, Says Not Sure If Can Get Behind Stock Valuation",
239,SNOW,2021-03-30T02:35:32Z,What's Happening With Foley Trasimene Acquisition II Corp Stock Today?,Foley Trasimene Acquisition II Corp (NYSE: BFT) shares rose 5.7% in regular trading on Monday and jumped another 1.5% in the after-hours. 
240,SNOW,2021-03-28T14:12:42Z,"Is Now The Time To Buy Stock In Boeing, Pfizer, Tesla, GE Or Carnival?","One of the most common questions traders have about stocks is “Why Is It Moving?”

That’s why Benzinga created the Why Is It Moving, or WIIM, feature in Benzinga Pro. WIIMs are a one-sentence description as to why that stock is moving."
241,SNOW,2021-03-26T16:02:48Z,"Snowflake Analyst Gives Stock Outperform Rating, But Cautions Near-Term Volatility","Data cloud company Snowflake (NYSE: SNOW) stands out as one of the select few software companies that face a large growth opportunity, according to Evercore ISI."
242,SNOW,2021-03-26T14:37:14Z,Why Is It Moving? Looking At Snowflake's Price Action Today," 

 

Snowflake&#39;s Stock Price And Volume Action

Snowflake (NYSE:SNOW) is currently up 4.12% to a price of $224.87. The stock&#39;s current volume for the day is 1.71 million, which is approximately 34.64% of its previous 30-day average volume of 4.94 million."
243,SNOW,2021-03-26T14:23:45Z,"Benzinga's Top Ratings Upgrades, Downgrades For March 26, 2021", 
244,SNOW,2021-03-26T10:31:48Z,"Evercore ISI Group Initiates Coverage On Snowflake with Outperform Rating, Announces Price Target of $311",
245,SNOW,2021-03-25T15:01:47Z,Stocks That Hit 52-Week Lows On Thursday," 

 

During Thursday&#39;s morning session, 92 stocks hit new 52-week lows."
246,SNOW,2021-03-23T15:08:04Z,What's Happening With SNOW Stock And AZN Stock Tuesday?,Snowflake Inc (NYSE: SNOW) shares are trading higher after UBS initiated coverage on the stock with a Buy rating and a price target of $275 per share.
247,SNOW,2021-03-23T14:04:12Z,"Benzinga's Top Ratings Upgrades, Downgrades For March 23, 2021", 
248,SNOW,2021-03-23T12:38:34Z,"UBS Initiates Coverage On Snowflake with Buy Rating, Announces Price Target of $275",
249,SNOW,2021-03-22T12:20:07Z,Micro Focus Announces Voltage SecureData Integration with Snowflake to Provide Secure Analytics with Data Privacy and Protection,
250,SNOW,2021-03-17T12:05:40Z,"Intelligent Trading With TradeUI's Stock, Option Order Flow Insights","Benzinga held its annual Benzinga Global Fintech Awards, a day of dealmaking, networking, and recognition in the financial technology space, on Nov. 10, 2020."
251,SNOW,2021-03-13T16:45:50Z,"Last Week's Notable Insider Buys: News Corp, Microsoft, Snowflake, Walmart And More","
	Insider buying can be an encouraging signal for potential investors, especially when markets are near all-time highs.
	A media mogul was among the insiders making purchases this week.
	Some insiders were buying shares as others were selling them.


"
252,SNOW,2021-03-11T12:16:38Z,WANdisco Announces Partnership With Snowflake To Accelerate Data Lake Migration To The Snowflake Data Cloud,
253,SNOW,2021-03-10T17:53:23Z,Snowflake Shares Move Higher Amid Mention Of Stock On CNBC,
254,SNOW,2021-03-10T16:03:16Z,First American Financial Says Co's Data & Analytics Now Available On Snowflake Data Marketplace,
255,SNOW,2021-03-10T14:04:07Z,Domo Announces New Native Integration With Snowflake,
256,SNOW,2021-03-06T17:30:02Z,"Benzinga's Weekly Bulls And Bears: Costco, Disney, Roku, Snowflake, Tesla And More","
	Benzinga has examined the prospects for many investor favorite stocks over the past week. 
	The week&#39;s bullish calls included an entertainment giant, a rising cloud play and a semiconductor maker.
"
257,SNOW,2021-03-05T14:02:19Z,"Top 20 Trending Stocks On WallStreetBets As Of Friday, Mar. 5, 2021 (Via Swaggy Stocks)",
258,SNOW,2021-03-04T21:54:05Z,4 Snowflake Analyst On Q4 Results: 'A New Enterprise Data Cloud Platform Of Choice',Cloud-based data warehousing company Snowflake Inc. (NASDAQ: SNOW) reported fourth-quarter revenue Wednesday that more than doubled from a year ago and a loss that narrowed from the year-ago quarter. The full-year revenue guidance was about in-line with estimates.
259,SNOW,2021-03-04T17:50:32Z,12 Information Technology Stocks Moving In Thursday's Intraday Session, 
260,SNOW,2021-03-04T17:48:20Z,10 Information Technology Stocks Showing Unusual Options Activity In Today's Session,This unusual options alert can help traders track potentially big trading opportunities. Traders often look for circumstances when the market estimation of an option diverges away from its normal worth. Unusual trading activity could push option prices to hyperbolic or underperforming levels.
261,SNOW,2021-03-04T17:46:32Z,"Credit Suisse Maintains Neutral on Snowflake, Lowers Price Target to $275",
262,SNOW,2021-03-04T15:41:55Z,"Barclays Maintains Equal-Weight on Snowflake, Lowers Price Target to $270",
263,SNOW,2021-03-04T15:10:08Z,"Benzinga's Top Ratings Upgrades, Downgrades For March 4, 2021", 
264,SNOW,2021-03-04T14:25:18Z,"Citigroup Maintains Neutral on Snowflake, Lowers Price Target to $295",
265,SNOW,2021-03-04T13:54:07Z,"Morgan Stanley Maintains Equal-Weight on Snowflake, Raises Price Target to $270",
266,SNOW,2021-03-04T12:47:47Z,10 Biggest Price Target Changes For Thursday,"
	Needham lowered  Splunk Inc. (NASDAQ: SPLK) price target from $275 to $265. Splunk shares rose 3.7% to $148.50 in pre-market trading.
"
267,SNOW,2021-03-04T12:06:33Z,"Deutsche Bank Upgrades Snowflake to Buy, Raises Price Target to $300",
268,SNOW,2021-03-03T22:42:17Z,7 Stocks Moving In Wednesday's After-Hours Session,"Gainers


	Rimini Street (NASDAQ: RMNI) shares are trading higher after the company reported better-than-expected Q4 sales results and issued Q1 and FY21 sales guidance above estimates.


Losers


"
269,SNOW,2021-03-03T21:49:52Z,What's Moving The Market Wednesday? After The Close Update,"Indices Around The Globe


	S&amp;P 500 Futures neared 3,815 at U.S. market close.
	UK&#39;s FTSE 100 closed up 0.38% at 6,613
	Japan&#39;s Nikkei 225 up 0.60% to near 29,484


Bonds


	10-year treasury yield at 1.48%


Commodities"
270,SNOW,2021-03-03T21:39:14Z,12 Information Technology Stocks Moving In Wednesday's After-Market Session,"Gainers

"
271,SNOW,2021-03-03T21:04:30Z,"Snowflake Sees Q1 Adj. Sales $195M-$200M vs $213.06M Est., Sees FY22 Sales $1B-$1.02B vs $1.1B Est.",
272,SNOW,2021-03-03T21:02:56Z,Snowflake Says Had 77 customers With Trailing 12-Month Product Revenue Greater Than $1M,
273,SNOW,2021-03-03T21:02:22Z,"Snowflake Q4 EPS $(0.70) May Not Compare To  $(0.17) Estimate, Sales $178.30M Miss $178.50M Estimate",
274,SNOW,2021-03-03T20:51:40Z,"Notable After-Hours Earnings For Wednesday, Mar. 3, 2021 And Expected Report Times: SNOW, SPLK, MRVL, VRM",
275,SNOW,2021-03-03T17:56:49Z,CNBC Contributor Pete Najarian Says Salesforce 60-PE Multiple Looks 'Inexpensive' Compared To Snowflake,
276,SNOW,2021-03-03T17:55:41Z,"CNBC Contributor Joseph Terranova Says Snowflake Earnings Expectations Are 'High,' Says Co Has Already Endured The Pullback; Says Could Reignite Momentum; Says Too Look At Twilio, Fortinet",
277,SNOW,2021-03-03T08:43:35Z,"Earnings Scheduled For March 3, 2021"," 

Companies Reporting Before The Bell

• Brown Forman Inc Class A Common Stock (NYSE:BF) is likely to report earnings for its third quarter."
278,SNOW,2021-03-01T18:11:06Z,"What You Need To Know In Options This Week: Gamestop, Zoom, Nio, Snowflake, Costco And More","The Broader Markets

The major indices were lower on the week and implied volatility spiked higher, with the VIX ending the week near 28."
279,SNOW,2021-03-01T17:59:00Z,"This Week's Stars Are Zoom, Target And Costco","Zoom Video Communications Inc (NASDAQ: ZM) will open the week on Monday after market close whereas big-box retailers highlight the week&#39;s other big releases, led by Target Corporation (NYSE: TGT) on Tuesday and C"
280,SNOW,2021-02-26T16:19:32Z,Paysafe Taps Snowflake In Cloud Tech Partnership,"Paysafe Group Holdings Ltd., a global payments provider focused on digital commerce and iGaming transactions, has announced a new partnership with the data cloud services provider Snowflake Inc (NYSE: SNOW)."
281,SNOW,2021-02-23T17:36:12Z,10 Information Technology Stocks With Unusual Options Alerts In Today's Session,"This unusual options alert can help traders track potentially big trading opportunities. Traders often look for circumstances when the market estimation of an option diverges away from its normal worth. Unusual trading activity could push option prices to hyperbolic or underperforming levels.

Here&#39;s the list of some unusual options activity happening in today&#39;s session:"
282,SNOW,2021-02-22T14:08:25Z,"BlackRock Reports Strategic Partnership With Snowflake To Deliver 'next-generation solution for the investment management industry,' No Terms Disclosed",
283,SNOW,2021-02-21T12:13:05Z,"Barron's Latest Picks And Pans: Bank Stocks, BDCs, Blackstone, Fluor, Oracle And More","
	This weekend&#39;s Barron&#39;s cover story explores one enterprise software company&#39;s transformation into a cloud giant.
	Other featured articles discuss who dominates the public cloud, who stands to benefit as Texas rebuilds and how to tell when tech companies are overvalued.
"
284,SNOW,2021-02-19T17:15:12Z,On CNBC: Joseph Terranova Of Virtus Investment Partners Says Should Take 'A Little Bit Off The Table' In Emerging Software Stocks,
285,SNOW,2021-02-19T16:35:50Z,How SPACs Are Like Venture Capital For Public Markets,"Venture capital firm Loup Ventures is out with commentary comparing SPACs to venture capital.

What Happened: Loup researcher Doug Clinton makes the case for SPACs being more like venture capital vehicles rather than an alternative to a traditional IPO."
286,SNOW,2021-02-16T17:46:18Z,"Tiger Global 13F Shows New Stakes In Airbnb, DoorDash, Raised Stake In Uber, Snowflake, Cut Stake In Netflix, PayPal, Liquidated Stake In Google, Tencent Music",
287,SNOW,2021-02-16T14:10:17Z,"Top 20 Trending Stocks On WallStreetBets As Of Tuesday, Feb. 16, 2021 (Via Swaggy Stocks)",
288,SNOW,2021-02-09T20:05:46Z,Why Snowflake Is Trading Higher Today,Snowflake (NYSE: SNOW) shares are trading higher Tuesday on continued momentum from Monday after the company&#39;s 13G showed that Abigail Johnson had a 5.359% stake in the company.
289,SNOW,2021-02-09T17:53:16Z,10 Information Technology Stocks Showing Unusual Options Activity In Today's Session,This unusual options alert can help traders track potentially big trading opportunities. Traders often look for circumstances when the market estimation of an option diverges away from its normal worth. Unusual trading activity could push option prices to hyperbolic or underperforming levels.
290,SNOW,2021-02-01T14:11:33Z,"Snowflake To Report Q4 2020 Results March 3, 2021 After The Market Close",
291,SNOW,2021-01-25T17:46:03Z,'Peak Stupidity': The End Of The GameStop Short Squeeze Trade?,"A handful of heavily shorted stocks experienced extremely volatile trading on Monday morning, leading some experts to speculate the 2021 short squeeze trade may have finally run out of steam."
292,SNOW,2021-01-22T16:55:47Z,3 Top Cloud Software Picks From Goldman Sachs Among 12 Initiations,"Plenty of opportunity exists in the $1-trillion global cloud software market, but investors should be careful about how they approach the space, according to Goldman Sachs. 

The Cloud Analyst: Kash Rangan initiated coverage of 12 cloud software stocks with the following ratings:"
293,SNOW,2021-01-22T15:03:51Z,"Benzinga's Top Ratings Upgrades, Downgrades For January 22, 2021", 
294,SNOW,2021-01-22T11:33:00Z,"Goldman Sachs Initiates Coverage On Snowflake with Neutral Rating, Announces Price Target of $310",
295,SNOW,2021-01-20T15:03:54Z,"Benzinga's Top Ratings Upgrades, Downgrades For January 20, 2021", 
296,SNOW,2021-01-20T12:06:09Z,"Rosenblatt Initiates Coverage On Snowflake with Neutral Rating, Announces Price Target of $285",
297,SNOW,2021-01-19T21:06:46Z,Domo Achieves Premier Status In Snowflake Partner Connect Program,
298,SNOW,2021-01-15T14:02:17Z,"Credit Suisse Maintains Neutral on Snowflake, Raises Price Target to $310",
299,SNOW,2021-01-14T16:12:15Z,"Snowflake Reports Partnership with Saturn Cloud To Integrate 'products to usher in the highest-speed tooling for data science and machine learning teams,' No Terms Disclosed",
300,SNOW,2021-01-14T14:10:03Z,Snowflake Reports its Data Cloud Unit Saw 300+% Increase In Total Number Of Data Providers On Snowflake Data Marketplace Since Apr. 2020,
301,SNOW,2021-01-14T14:05:06Z,Alteryx Announces Partnership With Snowflake To Automate Analytics And Data Science In The Cloud,
302,SNOW,2021-01-12T16:53:02Z,New Relic Shares Spike Higher; Traders Circulate Page On Co Website Titled 'New Relic Snowflake Integration Boosts Observability',
303,SNOW,2021-01-12T13:16:52Z,FactSet Says Brings Scalable Data Mapping Service To Snowflake,
304,SNOW,2021-01-08T17:50:38Z,10 Information Technology Stocks With Unusual Options Alerts In Today's Session,"This unusual options alert can help traders track potentially big trading opportunities. Traders often look for circumstances when the market estimation of an option diverges away from its normal worth. Unusual trading activity could push option prices to hyperbolic or underperforming levels.

Here&#39;s the list of some unusual options activity happening in today&#39;s session:"
305,SNOW,2021-01-07T09:13:00Z,Early Snowflake Backers Can Sell 37.9M Shares Today: What Investors Need To Know,"Snowflake Inc (NYSE: SNOW) could see fresh selling as the lock-up period ends on more than 37.9 million shares today, the company said in an "
306,SNOW,2021-01-06T16:10:32Z,5 IPOs To Watch Out For In 2021,"Despite putting the world on pause and plunging the economy in a recession, 2020 was a fantastic year for IPOs."
307,SNOW,2021-01-06T14:05:03Z,Snowflake Added To NASPO ValuePoint Cloud Solutions Contract,
308,SNOW,2021-01-06T13:01:35Z,Will Palantir Or Snowflake Stock Grow More By 2022?,"Every week, Benzinga conducts a sentiment survey to find out what traders are most excited about, interested in or thinking about as they manage and build their personal portfolios."
309,SNOW,2021-01-05T18:50:17Z,Simplify ETFs Continues Torrid Launch Pace With 4 Disruptive Thematic Funds (One Heavy On Tesla),The universe of thematic exchange-traded funds continues expanding as upstart issuer Simply Asset Management extends its brisk pace of product launches with a quartet of rookie funds focusing on various disruptive technologies.
310,SNOW,2020-12-30T14:01:12Z,"Snowflake In 8K Filing Reports That As Of Dec. 29 The Price Condition Was Satisfied And Early Lock-Up Period Release Date Will Be Jan. 7, 2021; Co Say ~37.9M Shares Of Class A Stock Will Be Available For Sale In Public Market On Jan. 7",
311,SNOW,2020-12-28T08:23:07Z,Businesses Raised $159B In 2020 US IPO Boom: Refinitiv,"2020 was the second-best year for the market listings after 2007, the Financial Times reports."
312,SNOW,2020-12-26T14:53:34Z,10 Of 2020's Top Performing IPOs,"The year 2020 has brought new investors to the stock market and also seen the most companies go public since 2014.
Here is a look at 10 of the top performing IPOS in 2020."
313,SNOW,2020-12-23T17:09:31Z,"On CNBC: Steve Weiss Classifies The Airbnb, Snowflake's Of The World As 'Ludicrous' Valuations",
314,SNOW,2020-12-22T13:10:06Z,"Cramer Gives His Opinion On US Steel, On Semiconductor And More","On CNBC&#39;s &#34;Mad Money Lightning Round,&#34; Jim Cramer said Chimera Investment Corporation (NYSE: CIM) is not the stock he has been recommending."
315,SNOW,2020-12-22T13:05:08Z,"Thinking About Buying Stock In Palantir, FuboTV, Apple, Shopify Or Snowflake?","One of the most common questions traders have about stocks is “Why Is It Moving?”

That’s why Benzinga created the Why Is It Moving, or WIIM, feature in Benzinga Pro. WIIMs are a one-sentence description as to why that stock is moving. "
316,SNOW,2020-12-18T17:36:47Z,10 Information Technology Stocks Showing Unusual Options Activity In Today's Session,This unusual options alert can help traders track potentially big trading opportunities. Traders often look for circumstances when the market estimation of an option diverges away from its normal worth. Unusual trading activity could push option prices to hyperbolic or underperforming levels.
317,SNOW,2020-12-16T17:29:50Z,Will Snowflake Or Oracle Stock Grow More By 2022?,"Every week, Benzinga conducts a sentiment survey to find out what traders are most excited about, interested in or thinking about as they manage and build their personal portfolios."
318,SNOW,2020-12-14T17:08:01Z,"Stephen Weiss On CNBC's Halftime Report Says There Are Clearly Excesses In The Market; Cites Snowflake CEO Compensation Packages, Calls It Poor Governance",
319,SNOW,2020-12-11T18:50:42Z,"What Warren Buffett Says About High-Profile IPOs Like Airbnb, DoorDash","Big-name IPOs DoorDash Inc (NYSE: DASH) and Airbnb, Inc. (NASDAQ: ABNB) got off to volatile starts on the market this week."
320,SNOW,2020-12-11T17:19:09Z,Shannon Saccicua Of Boston Private Wealth Management On CNBC's Halftime Report Says 15%-20% Decline In Snowflake Isn't Going To Get As Much Attention As Whole-Market Moves,
321,SNOW,2020-12-10T18:47:54Z,10 Information Technology Stocks With Unusual Options Alerts In Today's Session,This unusual options alert can help traders discover the next big trading opportunities. Traders will search for circumstances when the market estimation of an option diverges heavily from its normal worth. Unusual trading activity could push option prices to exaggerated or underestimated levels.
322,SNOW,2020-12-10T17:48:42Z,Josh Brown On CNBC's Halftime Report Says MongoDB Is In Same Group Of The 'Snowflakes Of The World',
323,SNOW,2020-12-09T21:34:15Z,Snowflake 13G Filing From Morgan Stanley Shows 10.2% Stake,
324,SNOW,2020-12-09T17:59:42Z,10 Information Technology Stocks Showing Unusual Options Activity In Today's Session,This unusual options alert can help traders discover the next big trading opportunities. Traders will search for circumstances when the market estimation of an option diverges heavily from its normal worth. Unusual trading activity could push option prices to exaggerated or underestimated levels.
325,SNOW,2020-12-09T17:53:48Z,"DoorDash's Valuation Is Too Lofty, Joe Terranova Says","On CNBC&#39;s &#34;Fast Money Halftime Report,&#34; Joe Terranova discussed DoorDash&#39;s (NYSE: DASH) valuation and gave an alternative investment. Pete Najarian also gave his thoughts on some high-flying stocks."
326,SNOW,2020-12-09T17:17:40Z,"Trader Pete Najarian On CNBC: 'No Doubt In My Mind That These High Flyers Will See Demand Wane,' Hints At Peloton, Snowflake, DoorDash",
327,SNOW,2020-12-09T17:09:52Z,"Trader Jim Liebenthal, On CNBC's 'Fast Money: Halftime Report,' Says, Given Current Valuation Of Snowflake, Investors Are Saying No Other Companies Will Compete Against Snowflake; Amid This Valuation, Likes Salesforce",
328,SNOW,2020-12-08T16:01:02Z,CoreLogic Joins Snowflake Data Marketplace To Provide Further Access To Unrivaled Property Data,
329,SNOW,2020-12-07T18:59:18Z,Snowflake Is Keeping The Magic Alive,"Snowflake Inc&#39;s (NYSE: SNOW) September magic will go down in history as the world&#39;s hottest software IPO. When Snowflake announced its public debut, the demand for its shares was far higher than the supply. It seems that it still is. The initial share price expectation was between $75-$85."
330,SNOW,2020-12-07T17:49:59Z,10 Information Technology Stocks Showing Unusual Options Activity In Today's Session,This unusual options alert can help traders discover the next big trading opportunities. Traders will search for circumstances when the market estimation of an option diverges heavily from its normal worth. Unusual trading activity could push option prices to exaggerated or underestimated levels.
331,SNOW,2020-12-04T19:45:09Z,Snowflake Option Trader Dumps $1M In Call Contracts,Snowflake Inc (NYSE: SNOW) shares gained another 14.2% on Friday and are now up 31% in two days after the company reported 119% revenue growth in its first earnings report as a public company.
332,SNOW,2020-12-04T10:08:07Z,68 Biggest Movers From Yesterday,"Gainers


	Ever-Glory International Group, Inc. (NASDAQ: EVK) shares climbed 150% to close at $5.25 on Thursday after gaining 7% on Wednesday. The company released quarterly results last month.
"
333,SNOW,2020-12-04T09:58:28Z,Microsoft's Cloud Products Are Attracting New Customers,Microsoft Corporation’s (NASDAQ: MSFT) 
334,SNOW,2020-12-03T20:19:01Z,"Cramer On Layoffs At 3M, Elsewhere: Investors Must Separate 'Stocks From People'","3M Company (NYSE: MMM) joins the growing list of large-cap companies laying off thousands of workers — but investors should view this favorably, accordi"
335,SNOW,2020-12-03T18:07:29Z,11 Technology Stocks Moving In Thursday's Intraday Session, 
336,SNOW,2020-12-03T17:20:03Z,Snowflake CEO To Appear On CNBC's 'Mad Money' Tonight,
337,SNOW,2020-12-03T17:18:40Z,"Jon Najarian Says He Loves CrowdStrike, Snowflake, Zscaler",
338,SNOW,2020-12-03T17:01:00Z,54 Stocks Moving In Thursday's Mid-Day Session,"Gainers


	Ever-Glory International Group, Inc. (NASDAQ: EVK) shares jumped 150% to $5.25 after gaining 7% on Wednesday. The company released quarterly results last month.
"
339,SNOW,2020-12-03T16:45:28Z,"Let It SNOW: Wall Street Cheers Snowflake's 'Impressive' Results, Confidence In Long-Term Growth",Cloud-based data warehouse company Snowflake Inc (NYSE: SNOW) reported a narrower loss and 119% revenue growth for its third quarter.
340,SNOW,2020-12-03T15:13:31Z,"Canaccord Genuity Maintains Hold on Snowflake, Raises Price Target to $275",
341,SNOW,2020-12-03T14:35:24Z,"Morgan Stanley Maintains Equal-Weight on Snowflake, Raises Price Target to $265",
342,SNOW,2020-12-03T13:44:29Z,"Credit Suisse Maintains Neutral on Snowflake, Raises Price Target to $265",
343,SNOW,2020-12-03T13:22:49Z,10 Biggest Price Target Changes For Thursday,"
	Raymond James lowered the price target on  Splunk Inc (NASDAQ: SPLK) from $225 to $195. Splunk shares fell 21.1% to $162.02 in pre-market trading.
"
344,SNOW,2020-12-03T13:11:25Z,12 Technology Stocks Moving In Thursday's Pre-Market Session, 
345,SNOW,2020-12-03T13:05:45Z,Talend Expands Snowflake Partnership To Deliver Data Clarity To Join Customers,
346,SNOW,2020-12-03T11:44:27Z,"Piper Sandler Maintains Overweight on Snowflake, Raises Price Target to $312",
347,SNOW,2020-12-02T21:34:16Z,12 Technology Stocks Moving In Wednesday's After-Market Session,"Gainers

"
348,SNOW,2020-12-02T21:03:03Z,Snowflake Sees Q4 Product Sales $162M-$167M; FY21 Sales $538M-$543M,
349,SNOW,2020-12-02T21:02:12Z,"Snowflake Q3 EPS $(1.01) Misses $(0.26) Estimate, Sales $159.62M Beat $147.52M Estimate",
350,SNOW,2020-12-02T17:33:50Z,"Joseph Terranova On CNBC's Halftime Report Says 'This Is Not 1999,' Says This Time There Are Alternatives 'When The Bubble Bursts'",
351,SNOW,2020-12-02T17:30:51Z,Stephen Weiss On CNBC's Halftime Report Says It's 'Not A Positive Thing' That Big Tech Stocks Are Hard To Value,
352,SNOW,2020-12-02T17:26:18Z,"Jim Lebenthal On CNBC's Halftime Report Says Latest Tech Bubble Is Going To Pop; It's A Matter Of 'When, Not If'",
353,SNOW,2020-12-02T17:25:15Z,Cramer On CNBC's Halftime Report Discusses Software Boom Compared To Dot-Com Bubble,
354,SNOW,2020-12-02T17:23:24Z,Cramer On CNBC's Halftime Report Says It's Very Hard To Value What Snowflake Is Worth; Says Investors Only See 'Snowflake Is The Fastest Growing Software Company In America',
355,SNOW,2020-12-02T09:06:01Z,"Earnings Scheduled For December 2, 2020"," 

Companies Reporting Before The Bell

• BlueCity Holdings (NASDAQ:BLCT) is projected to report quarterly loss at $0.02 per share on revenue of $40.96 million."
356,SNOW,2020-11-30T17:12:37Z,What You Need To Know In Options This Week,"The Markets

The VIX closed the past week below 21, its lowest levels since the market sell-off in March. With that lower level of implied volatility comes compressed expected moves across the major indices.

SPY options are pricing in about a 1.4% expected move into Friday, corresponding to about $358 on the downside and $369 on the upside:"
357,SNOW,2020-11-25T17:52:48Z,Analyzing Snowflake's Unusual Options Activity,"On Wednesday, shares of Snowflake (NYSE: SNOW) saw unusual options activity. After the option alert, the stock price moved up to $289.37."
358,SNOW,2020-11-18T13:47:46Z,"Cramer Weighs In On Snowflake, Facebook And More","On CNBC&#39;s &#34;Mad Money Lightning Round,&#34; Jim Cramer said he thought Snowflake Inc (NYSE: SNOW) would come in. So far that hasn&#39;t been the case so he advised a viewer to buy some."
359,SNOW,2020-11-17T23:50:58Z,"Jim Cramer On CNBC: Snowflake Does Not Come In, I Guess You Could Buy Some",
360,SNOW,2020-11-17T17:00:38Z,"Q3 13F Roundup: How Buffett, Einhorn, Ackman And Others Adjusted Their Portfolios","The latest round of 13F filings from institutional investors is out, revealing to the world the stocks that some of the richest and most successful investors have been buying and selling."
361,SNOW,2020-11-17T16:51:32Z,IPO News: Airbnb Finally Files To Go Public,"The previous year brought us some big news in the world of initial public offerings, like Uber Technologies Inc (NYSE: UBER), LYFT Inc (NASDAQ: LYFT), and Beyond Meat Inc (NASDAQ:"
362,SNOW,2020-11-17T13:29:32Z,"Benzinga Pro's Top 5 Stocks To Watch For Tuesday, Nov. 17, 2020: TSLA, BNTX, CTIB, DGNS, ICPT",
363,SNOW,2020-11-16T19:19:11Z,Tiger Global Reports 1.25M Stake In Snowflake,
364,SNOW,2020-11-16T11:48:11Z,"13F From Tamasek Shows the Fund Took a New Positions in Snowflake, Zoom, Starbucks Among Others",
365,SNOW,2020-11-10T17:20:09Z,"Brad Gerstner, President Of Altimeter Capital Says Snowflake Could Be One Of The Most Impactful Software Companies Out There; Believes It's 'The Fourth Cloud'",
366,SNOW,2020-11-06T13:22:39Z,"Benzinga Pro's Top 5 Stocks To Watch For Friday, Nov. 6, 2020: TTCF, KODK, SNOW, PLTR, HGEN",
367,SNOW,2020-11-02T14:02:13Z,Snowflake To Announce Q3 2021 Earnings On Dec. 2 After The Market Closes,
368,SNOW,2020-10-26T09:28:33Z,50 Biggest Movers From Friday,"Gainers


	Marin Software Incorporated  (NASDAQ: MRIN) shares climbed 62.7% to close at $3.45 on Friday, reversing from Thursday&#39;s selloff.
"
369,SNOW,2020-10-22T04:40:40Z,McAfee Raises $740M In IPO,"Cybersecurity company McAfee Corp, on Wednesday, announced it is pricing 37 million class A common stock shares in its initial public offering at $20 per share."
370,SNOW,2020-10-20T13:03:58Z,"Cramer Gives His Opinion On Cloudera, Barrick Gold And More","On CNBC&#39;s &#34;Mad Money Lightning Round,&#34; Jim Cramer said Zuora Inc (NYSE: ZUO) is struggling because it has real competition."
371,SNOW,2020-10-17T19:26:34Z,"Bulls And Bears Of The Week: Citigroup, Eli Lilly, Ford, GE And More","
	Benzinga has examined the prospects for many investor favorite stocks over the past week. 
	The bullish calls this past week included beleaguered stocks and a recent IPO.
	A big bank and a COVID-19 therapy candidate were among the week&#39;s bearish calls.


"
372,SNOW,2020-10-15T14:52:31Z,"Cramer Weighs In On Shopify, TJX Companies And More","On CNBC&#39;s &#34;Mad Money Lightning Round,&#34; Jim Cramer revealed that he prefers IBM (NYSE: IBM) over Zix Corporation (NASDAQ: "
373,SNOW,2020-10-13T04:21:52Z,Snowflake Has Multi-Million Tech Supply Contract With Goldman Sachs: Report,"Software maker Snowflake Inc (NYSE: SNOW) signed a multi-million dollar renewal agreement with Goldman Sachs Group Inc. (NYSE: GS) this year, Bloomberg "
374,SNOW,2020-10-12T19:25:45Z,"Q3 The Busiest Since 2014 For IPOs, Led By Unicorns, SPACs","The third quarter saw 86 companies go public via a traditional IPO. In the third quarter, 165 special purpose acquisition companies also raised funds.

Breaking Down IPO Trends: Health care and technology were the two largest sectors in the third quarter for funds raised."
375,SNOW,2020-10-12T16:02:43Z,3 Snowflake Analysts On Cloud Data Stock's Potential: 'Unique Technology Advantage',Snowflake Inc (NYSE: SNOW) shares were gaining ground on Monday and are off to a hot start on the public market after the stock&#39;s initial public offering priced at $120 in mid-September. 
376,SNOW,2020-10-12T15:32:38Z,"Canaccord Genuity Initiates Coverage On Snowflake with Hold Rating, Announces Price Target of $250",
377,SNOW,2020-10-12T15:01:39Z,"Oppenheimer Initiates Coverage On Snowflake with Outperform Rating, Announces Price Target of $300",
378,SNOW,2020-10-12T13:47:05Z,"Benzinga's Top Upgrades, Downgrades For October 12, 2020","Upgrades


"
379,SNOW,2020-10-12T13:06:54Z,"Morgan Stanley Initiates Coverage On Snowflake with Equal-Weight Rating, Announces Price Target of $220",
380,SNOW,2020-10-12T12:10:28Z,"Stifel Initiates Coverage On Snowflake with Hold Rating, Announces Price Target of $250",
381,SNOW,2020-10-12T11:41:07Z,"Truist Securities Initiates Coverage On Snowflake with Buy Rating, Announces Price Target of $350",
382,SNOW,2020-10-12T11:36:51Z,"Cowen & Co. Initiates Coverage On Snowflake with Outperform Rating, Announces Price Target of $295",
383,SNOW,2020-10-12T11:07:36Z,"Mizuho Initiates Coverage On Snowflake with Buy Rating, Announces Price Target of $300",
384,SNOW,2020-10-12T11:02:33Z,"Deutsche Bank Initiates Coverage On Snowflake with Buy Rating, Announces Price Target of $305",
385,SNOW,2020-10-12T10:40:58Z,Hearing Analysts at Deutsche Bank Initiated Coverage of Snowflake with a Buy Rating,
386,SNOW,2020-10-12T10:11:33Z,A Peek Into The Markets: US Stock Futures Mostly Higher On Stimulus Optimism,"Pre-open movers

U.S. stock futures traded mostly higher in early pre-market trade. Wall Street recorded gains last week, thanks to talks around fiscal stimulus. Federal Reserve Bank of Minneapolis President Neel Kashkari is set to speak at 9:00 a.m. ET."
387,SNOW,2020-10-12T09:47:43Z,"Piper Sandler Initiates Coverage On Snowflake with Overweight Rating, Announces Price Target of $264",
388,SNOW,2020-10-12T09:27:18Z,"Barclays Initiates Coverage On Snowflake with Equal-Weight Rating, Announces Price Target of $256",
389,SNOW,2020-10-12T09:09:13Z,"JP Morgan Initiates Coverage On Snowflake with Neutral Rating, Announces Price Target of $247",
390,SNOW,2020-10-09T08:52:19Z,3 Tech Stocks In Berkshire Hathaway's Portfolio,Berkshire Hathaway Inc. (NYSE: BRK-A) (NYSE: BRK-B) has managed to outperform the broader markets consistently over the last few decades.
391,SNOW,2020-10-08T14:00:13Z,"Benzinga's Top Upgrades, Downgrades For October 8, 2020","Upgrades


"
392,SNOW,2020-10-08T10:22:07Z,"Atlantic Equities Initiates Coverage On Snowflake with Underweight Rating, Announces Price Target of $214",
393,SNOW,2020-10-06T16:30:06Z,4 IPO Stocks To Keep You Warm In October,"The 2020 IPO class has turned out to be everything but boring. Despite the crisis, the IPO market has been busier than ever. Although investing in IPOs is a risky business with many companies going public at hyped valuations to quickly gain funds, there are a few IPOs that recently went public with a strong upside. They might even be hot enough to keep you warm in October."
394,SNOW,2020-10-05T17:02:06Z,"Snowflake Shares Spike Higher, Move Back Toward Session High; hearing Dan Loeb's Third Point Has Stake In Co",
395,SNOW,2020-10-02T14:39:10Z,"Benzinga's Top Upgrades, Downgrades For October 2, 2020","Upgrades


"
396,SNOW,2020-10-02T09:40:22Z,"Bernstein Initiates Coverage On Snowflake with Market Perform Rating, Announces Price Target of $270",
397,SNOW,2020-10-01T20:24:25Z,"Hearing Bernstein Initiates Coverage On Snowflake With Market Perform Rating, $270 Price Target",
398,SNOW,2020-10-01T13:30:44Z,"Benzinga's Top Upgrades, Downgrades For October 1, 2020","Upgrades


"
399,SNOW,2020-10-01T13:23:09Z,"Cramer Gives His Opinion On AbbVie, Snowflake And More","On CNBC&#39;s &#34;Mad Money Lightning Round,&#34; Jim Cramer said he is OK with Seagate Technology PLC (NASDAQ: STX). He thinks it is a very inexpensive stock and it yields 5%."
400,SNOW,2020-10-01T13:14:57Z,Snowflake Achieves A HITRUST CSF Certification To Manage Risk And Improve Security Posture And Help The Co See Compliance Requirements,
401,SNOW,2020-10-01T11:06:10Z,"Jefferies Initiates Coverage On Snowflake with Hold Rating, Announces Price Target of $250",
402,SNOW,2020-09-29T19:02:47Z,Snowflake Option Alert: Nov 20 $300 Calls at the Ask: 245 @ $18.2 vs 89 OI; Ref=$253.165,
403,SNOW,2020-09-29T03:04:13Z,"McAfee Files For Nasdaq IPO, Amid String Of Software Listings","McAfee Corp, on Monday, filed an S-1 form with the U.S."
404,SNOW,2020-09-27T22:07:49Z,"Notable Insider Buys Last Week: Snowflake, Broadcom And More"," 


	Insider buying can be an encouraging signal for potential investors when markets are near all-time highs.
	
	A top semiconductor maker saw a notable insider buy recently.
	
	A couple of chief executive officers picked up some shares last week.
	
	
	 


 "
405,SNOW,2020-09-24T02:27:45Z,Digital Healthcare Services Provider GoodRx Surges 53% On Trading Debut,The shares of GoodRx Holdings Inc. (NASDAQ: GDRX) skyrocketed on the first day of trading at the Nasdaq Stock Market on Wednesday.
406,SNOW,2020-09-21T13:48:22Z,"Benzinga's Top Upgrades, Downgrades For September 21, 2020","Upgrades


"
407,SNOW,2020-09-21T11:11:11Z,"Summit Insights Group Initiates Coverage On Snowflake with Sell Rating, Announces Price Target of $175",
408,SNOW,2020-09-21T11:00:33Z,35 Stocks Moving in Monday's Pre-Market Session,"Gainers


	Zomedica Pharmaceuticals Corp (NYSE: ZOM) shares rose 32.3% to $0.0926 in pre-market trading after tumbling 29% on Friday. Zomedica recentky announced plans to develop gastrointestinal testing panel for TRUFORMA.
"
409,SNOW,2020-09-20T13:19:48Z,"IPO Outlook This Week: Bentley Systems, GoodRX Holdings, Corsair Gaming Lead The Pack","After a busy week of double digit IPOs, the next week features a smaller slate of IPOs."
410,SNOW,2020-09-18T12:04:09Z,Unity Software IPO: What Investors Need To Know,This week’s hot IPO market will continue on Friday with the largest platform for creating video games going public.
411,SNOW,2020-09-18T08:55:49Z,55 Biggest Movers From Yesterday,"Gainers


"
412,SNOW,2020-09-18T04:06:08Z,"Unity Raises IPO Target To Above $1.8B, Set To Become 4th Tech Listing This Week","Video game software developer Unity Software Inc. priced its initial public offering above previous estimates on Thursday.

What Happened: Unity said it planned to issue 25 million shares at $52 per share. The underwriters are entitled to a 30-day option to buy an additional 3.75 million shares."
413,SNOW,2020-09-17T16:05:56Z,40 Stocks Moving In Thursday's Mid-Day Session,"Gainers


	Ebang International Holdings Inc. (NASDAQ: EBON) shares gained 80.5% to $14.42. Ebang International, last month, established a subsidiary in Singapore in preparation for establishing a cryptocurrency exchange.
"
414,SNOW,2020-09-17T11:06:40Z,36 Stocks Moving in Thursday's Pre-Market Session,"Gainers


	Just Energy Group Inc. (NYSE: JE) rose 40% to $0.2996 in pre-market trading after declining 11% on Wednesday. Just Energy, last month, announced stakeholder approval of its recapitalization plan.
"
415,SNOW,2020-09-17T06:32:19Z,"Sumo Logic Prices IPO Above Indicated Range, In Third Software Startup Listing This Week",Sumo Logic Inc (NASDAQ: SUMO) priced its initial public offering above indicted range on Wednesday.
416,SNOW,2020-09-16T16:46:13Z,Snowflake Shares Resume Trade; Move Above $300,
417,SNOW,2020-09-16T16:45:33Z,Snowflake Shares Remain Halted After Open At $245; Could Resume At 12:49:29 p.m. EDT If It's A 10-Minute Circuit Breaker,
418,SNOW,2020-09-16T16:41:45Z,Snowflake Shares Expected To Open For Trade At 12:44:29 p.m. EDT,
419,SNOW,2020-09-16T16:40:24Z,Snowflake Shares Halted On Circuit Breaker Shortly After Open; IPO Halted at $276.22,
420,SNOW,2020-09-16T16:40:03Z,Snowflake Opens At $245 After Pricing IPO At $120,"Snowflake Inc (NYSE: SNOW) made its public debut Wednesday, opening at $245 per share on a little over 3.5 million shares after pricing 28 million shares at $120. The company listed its shares on the NYSE under the ticker symbol SNOW."
421,SNOW,2020-09-16T16:38:51Z,Snowflake Shares Open For Trade At $245; IPO Priced At $120/Share,
422,SNOW,2020-09-16T16:38:01Z,Snowflake Shares Indicated $241-$243 On 3.5M Shares,
423,SNOW,2020-09-16T16:14:30Z,Snowflake Shares Indicated $226.50 On 2.7M Shares,
424,SNOW,2020-09-16T16:11:49Z,Snowflake Shares Indicating $230 On 3M Shares,
425,SNOW,2020-09-16T15:47:31Z,Snowflake Shares Indicated $235 On 2.3M Shares,
426,SNOW,2020-09-16T15:44:57Z,Snowflake Shares Indicating $240 On 2.1M Shares,
427,SNOW,2020-09-16T15:31:11Z,Snowflake Shares Indicated $245,
428,SNOW,2020-09-16T15:29:30Z,Snowflake Shares Indicated $230 On 1.6M Shares,
429,SNOW,2020-09-16T15:24:05Z,Snowflake Shares Indicating $220 To $225,
430,SNOW,2020-09-16T15:22:36Z,Snowflake Shares Indicating $215 To $220,
431,SNOW,2020-09-16T15:19:50Z,Snowflake Floor Trader Indicating IPO Not Yet Near Open,
432,SNOW,2020-09-16T15:17:24Z,Snowflake Shares Indicated $234 On 1.5M Shares,
433,SNOW,2020-09-16T15:11:17Z,Snowflake Shares Indicating $205,
434,SNOW,2020-09-16T14:57:18Z,Snowflake Shares Indicating $200,
435,SNOW,2020-09-16T14:56:31Z,Snowflake Indicating $190 To $195,
436,SNOW,2020-09-16T14:51:19Z,Snowflake Shares Indicated $180 To $181 On 1.2M Shares,
437,SNOW,2020-09-16T14:49:37Z,Snowflake Last Indication At $180 On 1M Shares Paired,
438,SNOW,2020-09-16T14:46:48Z,Snowflake Indicating $180,
439,SNOW,2020-09-16T14:19:39Z,CORRECTION: Snowflake Indicating $185 To $190,
440,SNOW,2020-09-16T14:18:52Z,Snowflake Indicating $180 To $190,
441,SNOW,2020-09-16T14:12:00Z,Snowflake Indicates $160,
442,SNOW,2020-09-16T13:34:05Z,"BZ NOTE On Opening Of Snowflake IPO: Exact Timing For IPO Open Is Unknown; Benzinga Pro Newsdesk Expecting To Receive Price, Shares Paired Indications In Real Time",
443,SNOW,2020-09-16T12:32:34Z,Snowflake IPO Of 28M Shares Earlier Priced At $120/Share,
444,SNOW,2020-09-16T02:43:07Z,Snowflake Prices IPO Above Indicated Range To Raise $3.4B,"Snowflake Inc. (NYSE: SNOW) has raised about $3.4 billion in its initial public offering, according to several reports Tuesday."
445,SNOW,2020-09-15T17:40:26Z,"Snowflake IPO Price Expected Around $120/Share, Above Previously-Expected Range Of $100-$110",
446,SNOW,2020-09-15T17:06:21Z,Snowflake Inc IPO: What Investors Need To Know,Snowflake Inc (NYSE: SNOW) is one of many stocks set to IPO this week.
447,SNOW,2020-09-15T12:24:27Z,"Benzinga Pro's Top 5 Stocks To Watch For Tuesday, Sept. 15, 2020: SNOW, NVAX, NKLA, CLVS, WKHS",
448,SNOW,2020-09-13T14:29:52Z,IPO Outlook For The Week: Snowflake and Amwell Lead Busy 12 IPO Lineup,Benzinga took a look at high profile IPOs coming in the second half of 2020. Six of those 13 companies could price the week of September 14. Here is a look at the 12 companies expected to go public.
449,SNOW,2017-06-24T20:52:32Z,Intrawest Announces HSR Waiting Period Expiration for Proposed Acquisition,
450,SNOW,2017-05-04T10:44:51Z,"Intrawest Q3 EPS $3.80 vs $3.13 Est, Sales $334.89M vs $321.24M Est",
451,SNOW,2017-04-10T12:54:04Z,16 Stocks Moving In Monday's Pre-Market Session,
452,SNOW,2017-04-10T11:07:17Z,"Wall Street's M&A Chatter From April 7-9: 21st Century Fox, Akorn, BioTelemetry-LifeWatch, Intrawest Resorts",
453,SNOW,2017-04-10T10:31:38Z,Intrawest Resorts to be Acquired by Aspen Skiing for $23.75/Share Cash,
454,SNOW,2017-04-10T01:33:04Z,Intrawest Resorts Holdings to Announce Sale on Monday to KSL Capital Partners-backed Ski Resort Operator -Reuters,
455,SNOW,2017-02-02T11:41:12Z,Intrawest Sees FY 2017 Revenue $555M to $585M vs $576.6M Est,
456,SNOW,2017-02-02T11:40:36Z,"Intrawest Q2 EPS $(0.47) vs $(0.52) Est, Revenue $121.16M vs $112.06M Est",
457,SNOW,2017-01-13T19:10:59Z,Hearing Intrawest Resorts Working with Investment Banks to Explore Sale,
458,SNOW,2016-11-03T10:32:08Z,"Intrawest Q1 EPS $(1.12) vs $(0.95) Est, Revenue $80.5M vs $79.1M Est",
459,SNOW,2016-09-15T14:31:52Z,Stocks Hitting 52-Week Highs,
460,SNOW,2016-09-08T10:34:29Z,Intrawest Sees FY 2017 Revenue $555M to $585M vs $563M est,
461,SNOW,2016-09-08T10:33:50Z,"Intrawest Q4 EPS ($1.49) vs ($1.47) est, Revenue $65.1M vs $58.3M est",
462,SNOW,2016-09-08T08:19:43Z,"Earnings Scheduled For September 8, 2016",
463,SNOW,2016-08-31T16:57:31Z,12 Biggest Mid-Day Losers For Wednesday,
464,SNOW,2016-08-31T13:00:08Z,Benzinga's Top Downgrades,
465,SNOW,2016-08-31T10:17:33Z,KeyBanc Downgrades Intrawest Resorts to Sector Weight,
466,SNOW,2016-08-16T14:47:39Z,"Top Performing Industries For August 16, 2016",
467,SNOW,2016-07-20T14:44:21Z,"Top Performing Industries For July 20, 2016",
468,SNOW,2016-05-05T10:56:58Z,"Intrawest Q3 EPS $4.08 vs $3.75 est, Revenue $315.7M vs $307.2M est",
469,SNOW,2016-02-29T22:17:02Z,"Credit Suisse Assumes Intrawest Resorts at Outperform, Announces $12.00 PT",
470,SNOW,2016-02-04T12:54:30Z,Macquarie Downgrades Intrawest Resorts to Neutral,
471,SNOW,2016-02-03T11:38:22Z,"Intrawest Q2 EPS -$0.60 vs -$0.64 est, Revenue $104M vs $120M est",
472,SNOW,2016-01-12T20:21:44Z,Mid-Afternoon Market Update: Crude Oil Falls Over 4%; Apollo Education Shares Spike Higher,
473,SNOW,2016-01-12T17:50:30Z,Mid-Day Market Update: US Stocks Turn Lower; Super Micro Computer Shares Rise On Strong Outlook,
474,SNOW,2016-01-12T14:57:50Z,Mid-Morning Market Update: Markets Open Higher; Alcoa Profit Tops Views,
475,SNOW,2016-01-12T11:31:19Z,"Intrawest Announces Dutch Auction to Sell $50M of Stock Between $9 and $10, Stock Last Closed at $7.03",
476,SNOW,2015-12-10T15:32:00Z,"Top Performing Industries For December 10, 2015",
477,SNOW,2015-11-25T15:31:50Z,"Top Performing Industries For November 25, 2015",
478,SNOW,2015-11-25T11:00:49Z,Diamond Resorts Announces Acquisition of Intrawest Resort Club Group For $85M,
479,SNOW,2015-11-05T11:41:04Z,"Intrawest Sees FY16 Sales $571M-$596M vs $588.4M Est., Adj. EBITDA $116M-$121M",
480,SNOW,2015-11-05T11:40:11Z,"Intrawest Reports Q1 Loss of $47M, Sales $86.2M vs $72.5M Est.",
481,SNOW,2015-11-03T16:29:02Z,"Worst Performing Industries For November 3, 2015",
482,SNOW,2015-09-10T13:03:04Z,Benzinga's Top Upgrades,
483,SNOW,2015-09-10T09:41:03Z,"Macquarie Upgrades Intrawest Resorts to Outperform, Raises PT to $13.00",
484,SNOW,2015-09-09T11:04:09Z,"Intrawest Resorts Reports Q4 Loss $1.19 Vs Est Loss $1.20, Sees FY 2016 Revs $571M-$596M Vs Est $576.63M",
485,SNOW,2015-09-09T08:24:14Z,"Earnings Scheduled For September 9, 2015",
486,SNOW,2015-07-27T14:17:01Z,Macquarie Prefers Vail Resorts In Ski Stocks Group,
487,SNOW,2015-07-27T13:38:41Z,Benzinga's Top Initiations,
488,SNOW,2015-07-27T08:16:44Z,"Macquarie Initiates Coverage on Intrawest Resorts at Neutral, Announces $12.00 PT",
489,SNOW,2015-02-06T11:05:28Z,"Intrawest Resorts Holdings Reports Q2 EPS Loss $0.69 Vs Est Loss $0.65, Sales $1.208M Vs Est $119.6M",
490,SNOW,2015-02-06T10:05:28Z,"Earnings Scheduled For February 6, 2015",
491,SNOW,2015-01-13T12:05:20Z,Intrawest Resorts Holdings Announces Travis Mayer CFO,
492,SNOW,2015-01-07T18:04:47Z,Heat Up Your Portfolio As Cold Weather Moves In,
